variant_id,run_name,split,config_id,method,neurosymbolic_enabled,decision_mode,symbolic_profile,threshold,tau_high,accuracy,balanced_accuracy,precision,recall,f1,specificity,false_positive_rate,false_negative_rate,tp,fp,tn,fn,support,positives_true,positives_pred,positive_rate_true,positive_rate_pred,auroc,auprc,average_precision,brier_score,log_loss,accepted_count,rejected_count,accept_rate,reject_rate,symbolic_valid_count,symbolic_invalid_count,symbolic_uncertain_count,invalid_block_count,invalid_block_positive_labels,invalid_block_negative_labels,delta_precision,delta_recall,delta_f1,delta_fp,delta_fn,fp_reduction,fp_reduction_rate,recall_loss,recall_loss_rate
pairwise_50_medium_unseen100,neural_logreg,valid,neural_only|thr=0.50,neural_only,False,neural_threshold,none,0.5,,0.7782857142857142,0.8089999999999999,0.3776595744680851,0.852,0.5233415233415234,0.766,0.234,0.148,426,702,2298,74,3500,500,1128,0.14285714285714285,0.3222857142857143,0.8873233333333334,0.5387649018266534,0.5387649018266534,0.14838372411221018,0.47012363905288773,1128,2372,0.3222857142857143,0.6777142857142857,,,,,,,,,,,,,,,
pairwise_50_medium_unseen100,neural_logreg,test,neural_only|thr=0.50,neural_only,False,neural_threshold,none,0.5,,0.718,0.762625,0.2580239144115796,0.82,0.39253231211105793,0.70525,0.29475,0.18,410,1179,2821,90,4500,500,1589,0.1111111111111111,0.3531111111111111,0.8312185,0.3092723291520748,0.3092723291520748,0.1900855760210838,0.582832806566003,1589,2911,0.3531111111111111,0.6468888888888888,,,,,,,,,,,,,,,
pairwise_50_medium_unseen100,neural_logreg,valid,neural_only|thr=0.60,neural_only,False,neural_threshold,none,0.6,,0.8242857142857143,0.8033333333333333,0.43532058492688414,0.774,0.5572354211663066,0.8326666666666667,0.16733333333333333,0.226,387,502,2498,113,3500,500,889,0.14285714285714285,0.254,0.8873233333333334,0.5387649018266534,0.5387649018266534,0.14838372411221018,0.47012363905288773,889,2611,0.254,0.746,,,,,,,,,,,,,,,
pairwise_50_medium_unseen100,neural_logreg,test,neural_only|thr=0.60,neural_only,False,neural_threshold,none,0.6,,0.7653333333333333,0.75075,0.2841614906832298,0.732,0.40939597315436244,0.7695,0.2305,0.268,366,922,3078,134,4500,500,1288,0.1111111111111111,0.2862222222222222,0.8312185,0.3092723291520748,0.3092723291520748,0.1900855760210838,0.582832806566003,1288,3212,0.2862222222222222,0.7137777777777777,,,,,,,,,,,,,,,
pairwise_50_medium_unseen100,neural_logreg,valid,neural_only|thr=0.66,neural_only,False,neural_threshold,none,0.66,,0.8477142857142858,0.7911666666666666,0.4778523489932886,0.712,0.5718875502008032,0.8703333333333333,0.12966666666666668,0.288,356,389,2611,144,3500,500,745,0.14285714285714285,0.21285714285714286,0.8873233333333334,0.5387649018266534,0.5387649018266534,0.14838372411221018,0.47012363905288773,745,2755,0.21285714285714286,0.7871428571428571,,,,,,,,,,,,,,,
pairwise_50_medium_unseen100,neural_logreg,test,neural_only|thr=0.66,neural_only,False,neural_threshold,none,0.66,,0.7904444444444444,0.731625,0.2984531392174704,0.656,0.41025641025641024,0.80725,0.19275,0.344,328,771,3229,172,4500,500,1099,0.1111111111111111,0.24422222222222223,0.8312185,0.3092723291520748,0.3092723291520748,0.1900855760210838,0.582832806566003,1099,3401,0.24422222222222223,0.7557777777777778,,,,,,,,,,,,,,,
pairwise_50_medium_unseen100,neural_logreg,valid,neural_only|thr=0.70,neural_only,False,neural_threshold,none,0.7,,0.8528571428571429,0.7583333333333333,0.48829953198127923,0.626,0.5486415425065732,0.8906666666666667,0.10933333333333334,0.374,313,328,2672,187,3500,500,641,0.14285714285714285,0.18314285714285714,0.8873233333333334,0.5387649018266534,0.5387649018266534,0.14838372411221018,0.47012363905288773,641,2859,0.18314285714285714,0.8168571428571428,,,,,,,,,,,,,,,
pairwise_50_medium_unseen100,neural_logreg,test,neural_only|thr=0.70,neural_only,False,neural_threshold,none,0.7,,0.8104444444444444,0.721,0.3159541188738269,0.606,0.4153529814941741,0.836,0.164,0.394,303,656,3344,197,4500,500,959,0.1111111111111111,0.2131111111111111,0.8312185,0.3092723291520748,0.3092723291520748,0.1900855760210838,0.582832806566003,959,3541,0.2131111111111111,0.7868888888888889,,,,,,,,,,,,,,,
pairwise_50_medium_unseen100,neural_logreg,valid,neural_only|thr=0.80,neural_only,False,neural_threshold,none,0.8,,0.8688571428571429,0.7001666666666667,0.5484633569739953,0.464,0.5027085590465872,0.9363333333333334,0.06366666666666666,0.536,232,191,2809,268,3500,500,423,0.14285714285714285,0.12085714285714286,0.8873233333333334,0.5387649018266534,0.5387649018266534,0.14838372411221018,0.47012363905288773,423,3077,0.12085714285714286,0.8791428571428571,,,,,,,,,,,,,,,
pairwise_50_medium_unseen100,neural_logreg,test,neural_only|thr=0.80,neural_only,False,neural_threshold,none,0.8,,0.8442222222222222,0.670875,0.34514637904468415,0.448,0.38990426457789384,0.89375,0.10625,0.552,224,425,3575,276,4500,500,649,0.1111111111111111,0.14422222222222222,0.8312185,0.3092723291520748,0.3092723291520748,0.1900855760210838,0.582832806566003,649,3851,0.14422222222222222,0.8557777777777777,,,,,,,,,,,,,,,
pairwise_50_medium_unseen100,neural_logreg,valid,neural_only|thr=0.90,neural_only,False,neural_threshold,none,0.9,,0.8731428571428571,0.6185,0.6359223300970874,0.262,0.37110481586402266,0.975,0.025,0.738,131,75,2925,369,3500,500,206,0.14285714285714285,0.05885714285714286,0.8873233333333334,0.5387649018266534,0.5387649018266534,0.14838372411221018,0.47012363905288773,206,3294,0.05885714285714286,0.9411428571428572,,,,,,,,,,,,,,,
pairwise_50_medium_unseen100,neural_logreg,test,neural_only|thr=0.90,neural_only,False,neural_threshold,none,0.9,,0.868,0.588,0.35403726708074534,0.228,0.2773722627737226,0.948,0.052,0.772,114,208,3792,386,4500,500,322,0.1111111111111111,0.07155555555555555,0.8312185,0.3092723291520748,0.3092723291520748,0.1900855760210838,0.582832806566003,322,4178,0.07155555555555555,0.9284444444444444,,,,,,,,,,,,,,,
pairwise_50_medium_unseen100,neural_logreg,valid,neural_only|thr=0.95,neural_only,False,neural_threshold,none,0.95,,0.8708571428571429,0.568,0.75,0.144,0.24161073825503357,0.992,0.008,0.856,72,24,2976,428,3500,500,96,0.14285714285714285,0.027428571428571427,0.8873233333333334,0.5387649018266534,0.5387649018266534,0.14838372411221018,0.47012363905288773,96,3404,0.027428571428571427,0.9725714285714285,,,,,,,,,,,,,,,
pairwise_50_medium_unseen100,neural_logreg,test,neural_only|thr=0.95,neural_only,False,neural_threshold,none,0.95,,0.8786666666666667,0.533625,0.33088235294117646,0.09,0.14150943396226415,0.97725,0.02275,0.91,45,91,3909,455,4500,500,136,0.1111111111111111,0.030222222222222223,0.8312185,0.3092723291520748,0.3092723291520748,0.1900855760210838,0.582832806566003,136,4364,0.030222222222222223,0.9697777777777777,,,,,,,,,,,,,,,
pairwise_50_medium_unseen100,neural_logreg,valid,neural_only|thr=0.97,neural_only,False,neural_threshold,none,0.97,,0.8645714285714285,0.5343333333333333,0.782608695652174,0.072,0.13186813186813187,0.9966666666666667,0.0033333333333333335,0.928,36,10,2990,464,3500,500,46,0.14285714285714285,0.013142857142857144,0.8873233333333334,0.5387649018266534,0.5387649018266534,0.14838372411221018,0.47012363905288773,46,3454,0.013142857142857144,0.9868571428571429,,,,,,,,,,,,,,,
pairwise_50_medium_unseen100,neural_logreg,test,neural_only|thr=0.97,neural_only,False,neural_threshold,none,0.97,,0.8831111111111111,0.520375,0.3375,0.054,0.09310344827586207,0.98675,0.01325,0.946,27,53,3947,473,4500,500,80,0.1111111111111111,0.017777777777777778,0.8312185,0.3092723291520748,0.3092723291520748,0.1900855760210838,0.582832806566003,80,4420,0.017777777777777778,0.9822222222222222,,,,,,,,,,,,,,,
pairwise_50_medium_unseen100,neural_logreg,valid,invalid_blocks|profile=conservative|thr=0.50,neuro_symbolic_invalid_blocks,True,invalid_blocks,conservative,0.5,,0.8385714285714285,0.7875,0.45838668373879643,0.716,0.5589383294301327,0.859,0.141,0.284,358,423,2577,142,3500,500,781,0.14285714285714285,0.22314285714285714,0.8873233333333334,0.5387649018266534,0.5387649018266534,0.14838372411221018,0.47012363905288773,781,2719,0.22314285714285714,0.7768571428571428,856.0,1418.0,1226.0,347.0,68.0,279.0,0.0807271092707113,-0.136,0.03559680608860927,-279.0,68.0,279.0,0.3974358974358974,0.136,0.15962441314553993
pairwise_50_medium_unseen100,neural_logreg,test,invalid_blocks|profile=conservative|thr=0.50,neuro_symbolic_invalid_blocks,True,invalid_blocks,conservative,0.5,,0.8162222222222222,0.754,0.33666333666333664,0.674,0.44903397734843437,0.834,0.166,0.326,337,664,3336,163,4500,500,1001,0.1111111111111111,0.22244444444444444,0.8312185,0.3092723291520748,0.3092723291520748,0.1900855760210838,0.582832806566003,1001,3499,0.22244444444444444,0.7775555555555556,973.0,1922.0,1605.0,588.0,73.0,515.0,0.07863942225175702,-0.1459999999999999,0.05650166523737643,-515.0,73.0,515.0,0.4368108566581849,0.1459999999999999,0.1780487804878048
pairwise_50_medium_unseen100,neural_logreg,valid,invalid_blocks|profile=moderate|thr=0.50,neuro_symbolic_invalid_blocks,True,invalid_blocks,moderate,0.5,,0.8494285714285714,0.6821666666666667,0.47157894736842104,0.448,0.4594871794871795,0.9163333333333333,0.08366666666666667,0.552,224,251,2749,276,3500,500,475,0.14285714285714285,0.1357142857142857,0.8873233333333334,0.5387649018266534,0.5387649018266534,0.14838372411221018,0.47012363905288773,475,3025,0.1357142857142857,0.8642857142857143,493.0,2345.0,662.0,653.0,202.0,451.0,0.09391937290033592,-0.40399999999999997,-0.06385434385434391,-451.0,202.0,451.0,0.6424501424501424,0.40399999999999997,0.4741784037558685
pairwise_50_medium_unseen100,neural_logreg,test,invalid_blocks|profile=moderate|thr=0.50,neuro_symbolic_invalid_blocks,True,invalid_blocks,moderate,0.5,,0.8433333333333334,0.65725,0.33547351524879615,0.418,0.3722172751558326,0.8965,0.1035,0.582,209,414,3586,291,4500,500,623,0.1111111111111111,0.13844444444444445,0.8312185,0.3092723291520748,0.3092723291520748,0.1900855760210838,0.582832806566003,623,3877,0.13844444444444445,0.8615555555555555,566.0,3095.0,839.0,966.0,201.0,765.0,0.07744960083721653,-0.40199999999999997,-0.020315036955225352,-765.0,201.0,765.0,0.648854961832061,0.40199999999999997,0.4902439024390244
pairwise_50_medium_unseen100,neural_logreg,valid,invalid_blocks|profile=conservative|thr=0.60,neuro_symbolic_invalid_blocks,True,invalid_blocks,conservative,0.6,,0.862,0.7761666666666667,0.513302034428795,0.656,0.5759438103599649,0.8963333333333333,0.10366666666666667,0.344,328,311,2689,172,3500,500,639,0.14285714285714285,0.18257142857142858,0.8873233333333334,0.5387649018266534,0.5387649018266534,0.14838372411221018,0.47012363905288773,639,2861,0.18257142857142858,0.8174285714285714,856.0,1418.0,1226.0,250.0,59.0,191.0,0.07798144950191083,-0.118,0.018708389193658248,-191.0,59.0,191.0,0.3804780876494024,0.118,0.15245478036175708
pairwise_50_medium_unseen100,neural_logreg,test,invalid_blocks|profile=conservative|thr=0.60,neuro_symbolic_invalid_blocks,True,invalid_blocks,conservative,0.6,,0.8375555555555556,0.7415,0.36395759717314485,0.618,0.458117123795404,0.865,0.135,0.382,309,540,3460,191,4500,500,849,0.1111111111111111,0.18866666666666668,0.8312185,0.3092723291520748,0.3092723291520748,0.1900855760210838,0.582832806566003,849,3651,0.18866666666666668,0.8113333333333334,973.0,1922.0,1605.0,439.0,57.0,382.0,0.07979610648991503,-0.11399999999999999,0.048721150641041544,-382.0,57.0,382.0,0.41431670281995664,0.11399999999999999,0.15573770491803277
pairwise_50_medium_unseen100,neural_logreg,valid,invalid_blocks|profile=moderate|thr=0.60,neuro_symbolic_invalid_blocks,True,invalid_blocks,moderate,0.6,,0.8608571428571429,0.6705000000000001,0.5166240409207161,0.404,0.45342312008978675,0.937,0.063,0.596,202,189,2811,298,3500,500,391,0.14285714285714285,0.11171428571428571,0.8873233333333334,0.5387649018266534,0.5387649018266534,0.14838372411221018,0.47012363905288773,391,3109,0.11171428571428571,0.8882857142857142,493.0,2345.0,662.0,498.0,185.0,313.0,0.08130345599383199,-0.37,-0.1038123010765199,-313.0,185.0,313.0,0.6235059760956175,0.37,0.4780361757105943
pairwise_50_medium_unseen100,neural_logreg,test,invalid_blocks|profile=moderate|thr=0.60,neuro_symbolic_invalid_blocks,True,invalid_blocks,moderate,0.6,,0.8555555555555555,0.64925,0.3595505617977528,0.384,0.3713733075435203,0.9145,0.0855,0.616,192,342,3658,308,4500,500,534,0.1111111111111111,0.11866666666666667,0.8312185,0.3092723291520748,0.3092723291520748,0.1900855760210838,0.582832806566003,534,3966,0.11866666666666667,0.8813333333333333,566.0,3095.0,839.0,754.0,174.0,580.0,0.07538907111452298,-0.348,-0.03802266561084211,-580.0,174.0,580.0,0.6290672451193059,0.348,0.47540983606557374
pairwise_50_medium_unseen100,neural_logreg,valid,invalid_blocks|profile=conservative|thr=0.66,neuro_symbolic_invalid_blocks,True,invalid_blocks,conservative,0.66,,0.8765714285714286,0.7663333333333333,0.5625,0.612,0.5862068965517241,0.9206666666666666,0.07933333333333334,0.388,306,238,2762,194,3500,500,544,0.14285714285714285,0.15542857142857142,0.8873233333333334,0.5387649018266534,0.5387649018266534,0.14838372411221018,0.47012363905288773,544,2956,0.15542857142857142,0.8445714285714285,856.0,1418.0,1226.0,201.0,50.0,151.0,0.0846476510067114,-0.09999999999999998,0.014319346350920914,-151.0,50.0,151.0,0.38817480719794345,0.09999999999999998,0.14044943820224717
pairwise_50_medium_unseen100,neural_logreg,test,invalid_blocks|profile=conservative|thr=0.66,neuro_symbolic_invalid_blocks,True,invalid_blocks,conservative,0.66,,0.85,0.7213750000000001,0.3803009575923393,0.556,0.4516653127538586,0.88675,0.11325,0.444,278,453,3547,222,4500,500,731,0.1111111111111111,0.16244444444444445,0.8312185,0.3092723291520748,0.3092723291520748,0.1900855760210838,0.582832806566003,731,3769,0.16244444444444445,0.8375555555555556,973.0,1922.0,1605.0,368.0,50.0,318.0,0.08184781837486887,-0.09999999999999998,0.041408902497448385,-318.0,50.0,318.0,0.41245136186770426,0.09999999999999998,0.15243902439024387
pairwise_50_medium_unseen100,neural_logreg,valid,invalid_blocks|profile=moderate|thr=0.66,neuro_symbolic_invalid_blocks,True,invalid_blocks,moderate,0.66,,0.8685714285714285,0.6641666666666667,0.5591715976331361,0.378,0.4510739856801909,0.9503333333333334,0.049666666666666665,0.622,189,149,2851,311,3500,500,338,0.14285714285714285,0.09657142857142857,0.8873233333333334,0.5387649018266534,0.5387649018266534,0.14838372411221018,0.47012363905288773,338,3162,0.09657142857142857,0.9034285714285715,493.0,2345.0,662.0,407.0,167.0,240.0,0.08131924863984746,-0.33399999999999996,-0.12081356452061226,-240.0,167.0,240.0,0.6169665809768637,0.33399999999999996,0.4691011235955056
pairwise_50_medium_unseen100,neural_logreg,test,invalid_blocks|profile=moderate|thr=0.66,neuro_symbolic_invalid_blocks,True,invalid_blocks,moderate,0.66,,0.8615555555555555,0.636,0.36886993603411516,0.346,0.3570691434468524,0.926,0.074,0.654,173,296,3704,327,4500,500,469,0.1111111111111111,0.10422222222222222,0.8312185,0.3092723291520748,0.3092723291520748,0.1900855760210838,0.582832806566003,469,4031,0.10422222222222222,0.8957777777777778,566.0,3095.0,839.0,630.0,155.0,475.0,0.07041679681664476,-0.31000000000000005,-0.05318726680955782,-475.0,155.0,475.0,0.6160830090791181,0.31000000000000005,0.4725609756097562
pairwise_50_medium_unseen100,neural_logreg,valid,invalid_blocks|profile=conservative|thr=0.70,neuro_symbolic_invalid_blocks,True,invalid_blocks,conservative,0.7,,0.8774285714285714,0.7393333333333334,0.5747368421052632,0.546,0.56,0.9326666666666666,0.06733333333333333,0.454,273,202,2798,227,3500,500,475,0.14285714285714285,0.1357142857142857,0.8873233333333334,0.5387649018266534,0.5387649018266534,0.14838372411221018,0.47012363905288773,475,3025,0.1357142857142857,0.8642857142857143,856.0,1418.0,1226.0,166.0,40.0,126.0,0.08643731012398398,-0.07999999999999996,0.011358457493426899,-126.0,40.0,126.0,0.38414634146341464,0.07999999999999996,0.12779552715654946
pairwise_50_medium_unseen100,neural_logreg,test,invalid_blocks|profile=conservative|thr=0.70,neuro_symbolic_invalid_blocks,True,invalid_blocks,conservative,0.7,,0.8615555555555555,0.713875,0.40494590417310666,0.524,0.45684394071490847,0.90375,0.09625,0.476,262,385,3615,238,4500,500,647,0.1111111111111111,0.14377777777777778,0.8312185,0.3092723291520748,0.3092723291520748,0.1900855760210838,0.582832806566003,647,3853,0.14377777777777778,0.8562222222222222,973.0,1922.0,1605.0,312.0,41.0,271.0,0.08899178529927976,-0.08199999999999996,0.04149095922073437,-271.0,41.0,271.0,0.41310975609756095,0.08199999999999996,0.13531353135313526
pairwise_50_medium_unseen100,neural_logreg,valid,invalid_blocks|profile=moderate|thr=0.70,neuro_symbolic_invalid_blocks,True,invalid_blocks,moderate,0.7,,0.8708571428571429,0.653,0.58,0.348,0.435,0.958,0.042,0.652,174,126,2874,326,3500,500,300,0.14285714285714285,0.08571428571428572,0.8873233333333334,0.5387649018266534,0.5387649018266534,0.14838372411221018,0.47012363905288773,300,3200,0.08571428571428572,0.9142857142857143,493.0,2345.0,662.0,341.0,139.0,202.0,0.09170046801872073,-0.278,-0.11364154250657316,-202.0,139.0,202.0,0.6158536585365854,0.278,0.44408945686900964
pairwise_50_medium_unseen100,neural_logreg,test,invalid_blocks|profile=moderate|thr=0.70,neuro_symbolic_invalid_blocks,True,invalid_blocks,moderate,0.7,,0.8675555555555555,0.628,0.38461538461538464,0.32,0.34934497816593885,0.936,0.064,0.68,160,256,3744,340,4500,500,416,0.1111111111111111,0.09244444444444444,0.8312185,0.3092723291520748,0.3092723291520748,0.1900855760210838,0.582832806566003,416,4084,0.09244444444444444,0.9075555555555556,566.0,3095.0,839.0,543.0,143.0,400.0,0.06866126574155773,-0.286,-0.06600800332823525,-400.0,143.0,400.0,0.6097560975609756,0.286,0.47194719471947194
pairwise_50_medium_unseen100,neural_logreg,valid,invalid_blocks|profile=conservative|thr=0.80,neuro_symbolic_invalid_blocks,True,invalid_blocks,conservative,0.8,,0.8802857142857143,0.6885,0.6194690265486725,0.42,0.5005959475566151,0.957,0.043,0.58,210,129,2871,290,3500,500,339,0.14285714285714285,0.09685714285714286,0.8873233333333334,0.5387649018266534,0.5387649018266534,0.14838372411221018,0.47012363905288773,339,3161,0.09685714285714286,0.9031428571428571,856.0,1418.0,1226.0,84.0,22.0,62.0,0.07100566957467724,-0.04400000000000004,-0.002112611489972105,-62.0,22.0,62.0,0.32460732984293195,0.04400000000000004,0.09482758620689663
pairwise_50_medium_unseen100,neural_logreg,test,invalid_blocks|profile=conservative|thr=0.80,neuro_symbolic_invalid_blocks,True,invalid_blocks,conservative,0.8,,0.8746666666666667,0.660875,0.4288888888888889,0.386,0.4063157894736842,0.93575,0.06425,0.614,193,257,3743,307,4500,500,450,0.1111111111111111,0.1,0.8312185,0.3092723291520748,0.3092723291520748,0.1900855760210838,0.582832806566003,450,4050,0.1,0.9,973.0,1922.0,1605.0,199.0,31.0,168.0,0.08374250984420473,-0.062,0.01641152489579034,-168.0,31.0,168.0,0.3952941176470588,0.062,0.13839285714285715
pairwise_50_medium_unseen100,neural_logreg,valid,invalid_blocks|profile=moderate|thr=0.80,neuro_symbolic_invalid_blocks,True,invalid_blocks,moderate,0.8,,0.8725714285714286,0.6214999999999999,0.625,0.27,0.3770949720670391,0.973,0.027,0.73,135,81,2919,365,3500,500,216,0.14285714285714285,0.061714285714285715,0.8873233333333334,0.5387649018266534,0.5387649018266534,0.14838372411221018,0.47012363905288773,216,3284,0.061714285714285715,0.9382857142857143,493.0,2345.0,662.0,207.0,97.0,110.0,0.07653664302600471,-0.194,-0.12561358697954805,-110.0,97.0,110.0,0.5759162303664922,0.194,0.41810344827586204
pairwise_50_medium_unseen100,neural_logreg,test,invalid_blocks|profile=moderate|thr=0.80,neuro_symbolic_invalid_blocks,True,invalid_blocks,moderate,0.8,,0.8768888888888889,0.5965,0.4068965517241379,0.236,0.29873417721518986,0.957,0.043,0.764,118,172,3828,382,4500,500,290,0.1111111111111111,0.06444444444444444,0.8312185,0.3092723291520748,0.3092723291520748,0.1900855760210838,0.582832806566003,290,4210,0.06444444444444444,0.9355555555555556,566.0,3095.0,839.0,359.0,106.0,253.0,0.06175017267945376,-0.21200000000000002,-0.09117008736270399,-253.0,106.0,253.0,0.5952941176470589,0.21200000000000002,0.47321428571428575
pairwise_50_medium_unseen100,neural_logreg,valid,invalid_blocks|profile=conservative|thr=0.90,neuro_symbolic_invalid_blocks,True,invalid_blocks,conservative,0.9,,0.8765714285714286,0.6096666666666666,0.7023809523809523,0.236,0.3532934131736527,0.9833333333333333,0.016666666666666666,0.764,118,50,2950,382,3500,500,168,0.14285714285714285,0.048,0.8873233333333334,0.5387649018266534,0.5387649018266534,0.14838372411221018,0.47012363905288773,168,3332,0.048,0.952,856.0,1418.0,1226.0,38.0,13.0,25.0,0.0664586222838649,-0.026000000000000023,-0.01781140269036996,-25.0,13.0,25.0,0.3333333333333333,0.026000000000000023,0.09923664122137413
pairwise_50_medium_unseen100,neural_logreg,test,invalid_blocks|profile=conservative|thr=0.90,neuro_symbolic_invalid_blocks,True,invalid_blocks,conservative,0.9,,0.8826666666666667,0.583125,0.43805309734513276,0.198,0.2727272727272727,0.96825,0.03175,0.802,99,127,3873,401,4500,500,226,0.1111111111111111,0.050222222222222224,0.8312185,0.3092723291520748,0.3092723291520748,0.1900855760210838,0.582832806566003,226,4274,0.050222222222222224,0.9497777777777778,973.0,1922.0,1605.0,96.0,15.0,81.0,0.08401583026438741,-0.03,-0.004644990046449915,-81.0,15.0,81.0,0.3894230769230769,0.03,0.13157894736842105
pairwise_50_medium_unseen100,neural_logreg,valid,invalid_blocks|profile=moderate|thr=0.90,neuro_symbolic_invalid_blocks,True,invalid_blocks,moderate,0.9,,0.8685714285714285,0.5691666666666666,0.6818181818181818,0.15,0.2459016393442623,0.9883333333333333,0.011666666666666667,0.85,75,35,2965,425,3500,500,110,0.14285714285714285,0.03142857142857143,0.8873233333333334,0.5387649018266534,0.5387649018266534,0.14838372411221018,0.47012363905288773,110,3390,0.03142857142857143,0.9685714285714285,493.0,2345.0,662.0,96.0,56.0,40.0,0.04589585172109434,-0.11200000000000002,-0.12520317651976037,-40.0,56.0,40.0,0.5333333333333333,0.11200000000000002,0.4274809160305344
pairwise_50_medium_unseen100,neural_logreg,test,invalid_blocks|profile=moderate|thr=0.90,neuro_symbolic_invalid_blocks,True,invalid_blocks,moderate,0.9,,0.8822222222222222,0.55225,0.4050632911392405,0.128,0.1945288753799392,0.9765,0.0235,0.872,64,94,3906,436,4500,500,158,0.1111111111111111,0.035111111111111114,0.8312185,0.3092723291520748,0.3092723291520748,0.1900855760210838,0.582832806566003,158,4342,0.035111111111111114,0.9648888888888889,566.0,3095.0,839.0,164.0,50.0,114.0,0.051026024058495156,-0.1,-0.08284338739378341,-114.0,50.0,114.0,0.5480769230769231,0.1,0.4385964912280702
pairwise_50_medium_unseen100,neural_logreg,valid,invalid_blocks|profile=conservative|thr=0.95,neuro_symbolic_invalid_blocks,True,invalid_blocks,conservative,0.95,,0.8705714285714286,0.5628333333333333,0.7764705882352941,0.132,0.22564102564102564,0.9936666666666667,0.006333333333333333,0.868,66,19,2981,434,3500,500,85,0.14285714285714285,0.024285714285714285,0.8873233333333334,0.5387649018266534,0.5387649018266534,0.14838372411221018,0.47012363905288773,85,3415,0.024285714285714285,0.9757142857142858,856.0,1418.0,1226.0,11.0,6.0,5.0,0.026470588235294135,-0.011999999999999983,-0.015969712614007925,-5.0,6.0,5.0,0.20833333333333334,0.011999999999999983,0.08333333333333322
pairwise_50_medium_unseen100,neural_logreg,test,invalid_blocks|profile=conservative|thr=0.95,neuro_symbolic_invalid_blocks,True,invalid_blocks,conservative,0.95,,0.888,0.5345,0.47619047619047616,0.08,0.136986301369863,0.989,0.011,0.92,40,44,3956,460,4500,500,84,0.1111111111111111,0.018666666666666668,0.8312185,0.3092723291520748,0.3092723291520748,0.1900855760210838,0.582832806566003,84,4416,0.018666666666666668,0.9813333333333333,973.0,1922.0,1605.0,52.0,5.0,47.0,0.1453081232492997,-0.009999999999999995,-0.004523132592401141,-47.0,5.0,47.0,0.5164835164835165,0.009999999999999995,0.11111111111111106
pairwise_50_medium_unseen100,neural_logreg,valid,invalid_blocks|profile=moderate|thr=0.95,neuro_symbolic_invalid_blocks,True,invalid_blocks,moderate,0.95,,0.866,0.5426666666666666,0.7627118644067796,0.09,0.16100178890876565,0.9953333333333333,0.004666666666666667,0.91,45,14,2986,455,3500,500,59,0.14285714285714285,0.01685714285714286,0.8873233333333334,0.5387649018266534,0.5387649018266534,0.14838372411221018,0.47012363905288773,59,3441,0.01685714285714286,0.9831428571428571,493.0,2345.0,662.0,37.0,27.0,10.0,0.012711864406779627,-0.05399999999999999,-0.08060894934626792,-10.0,27.0,10.0,0.4166666666666667,0.05399999999999999,0.375
pairwise_50_medium_unseen100,neural_logreg,test,invalid_blocks|profile=moderate|thr=0.95,neuro_symbolic_invalid_blocks,True,invalid_blocks,moderate,0.95,,0.8877777777777778,0.52475,0.4603174603174603,0.058,0.10301953818827708,0.9915,0.0085,0.942,29,34,3966,471,4500,500,63,0.1111111111111111,0.014,0.8312185,0.3092723291520748,0.3092723291520748,0.1900855760210838,0.582832806566003,63,4437,0.014,0.986,566.0,3095.0,839.0,73.0,16.0,57.0,0.12943510737628383,-0.031999999999999994,-0.038489895773987065,-57.0,16.0,57.0,0.6263736263736264,0.031999999999999994,0.3555555555555555
pairwise_50_medium_unseen100,neural_logreg,valid,invalid_blocks|profile=conservative|thr=0.97,neuro_symbolic_invalid_blocks,True,invalid_blocks,conservative,0.97,,0.8645714285714285,0.5326666666666666,0.8095238095238095,0.068,0.12546125461254612,0.9973333333333333,0.0026666666666666666,0.932,34,8,2992,466,3500,500,42,0.14285714285714285,0.012,0.8873233333333334,0.5387649018266534,0.5387649018266534,0.14838372411221018,0.47012363905288773,42,3458,0.012,0.988,856.0,1418.0,1226.0,4.0,2.0,2.0,0.026915113871635588,-0.00399999999999999,-0.006406877255585752,-2.0,2.0,2.0,0.2,0.00399999999999999,0.055555555555555414
pairwise_50_medium_unseen100,neural_logreg,test,invalid_blocks|profile=conservative|thr=0.97,neuro_symbolic_invalid_blocks,True,invalid_blocks,conservative,0.97,,0.8897777777777778,0.5215,0.5454545454545454,0.048,0.08823529411764706,0.995,0.005,0.952,24,20,3980,476,4500,500,44,0.1111111111111111,0.009777777777777778,0.8312185,0.3092723291520748,0.3092723291520748,0.1900855760210838,0.582832806566003,44,4456,0.009777777777777778,0.9902222222222222,973.0,1922.0,1605.0,36.0,3.0,33.0,0.2079545454545454,-0.005999999999999998,-0.00486815415821501,-33.0,3.0,33.0,0.6226415094339622,0.005999999999999998,0.11111111111111108
pairwise_50_medium_unseen100,neural_logreg,valid,invalid_blocks|profile=moderate|thr=0.97,neuro_symbolic_invalid_blocks,True,invalid_blocks,moderate,0.97,,0.8628571428571429,0.5225,0.8846153846153846,0.046,0.08745247148288973,0.999,0.001,0.954,23,3,2997,477,3500,500,26,0.14285714285714285,0.0074285714285714285,0.8873233333333334,0.5387649018266534,0.5387649018266534,0.14838372411221018,0.47012363905288773,26,3474,0.0074285714285714285,0.9925714285714285,493.0,2345.0,662.0,20.0,13.0,7.0,0.10200668896321063,-0.025999999999999995,-0.04441566038524214,-7.0,13.0,7.0,0.7,0.025999999999999995,0.36111111111111105
pairwise_50_medium_unseen100,neural_logreg,test,invalid_blocks|profile=moderate|thr=0.97,neuro_symbolic_invalid_blocks,True,invalid_blocks,moderate,0.97,,0.8893333333333333,0.5151249999999999,0.53125,0.034,0.06390977443609022,0.99625,0.00375,0.966,17,15,3985,483,4500,500,32,0.1111111111111111,0.0071111111111111115,0.8312185,0.3092723291520748,0.3092723291520748,0.1900855760210838,0.582832806566003,32,4468,0.0071111111111111115,0.9928888888888889,566.0,3095.0,839.0,48.0,10.0,38.0,0.19374999999999998,-0.019999999999999997,-0.029193673839771853,-38.0,10.0,38.0,0.7169811320754716,0.019999999999999997,0.3703703703703703
pairwise_50_medium_unseen100,neural_logreg,valid,strict_two_threshold|profile=conservative|thr=0.50|tau_high=0.80,neuro_symbolic_strict_two_threshold,True,strict_valid_or_high_confidence,conservative,0.5,0.8,0.8591428571428571,0.7645,0.5056,0.632,0.5617777777777778,0.897,0.103,0.368,316,309,2691,184,3500,500,625,0.14285714285714285,0.17857142857142858,0.8873233333333334,0.5387649018266534,0.5387649018266534,0.14838372411221018,0.47012363905288773,625,2875,0.17857142857142858,0.8214285714285714,856.0,1418.0,1226.0,347.0,68.0,279.0,0.12794042553191493,-0.21999999999999997,0.038436254436254425,-393.0,110.0,393.0,0.5598290598290598,0.21999999999999997,0.2582159624413145
pairwise_50_medium_unseen100,neural_logreg,test,strict_two_threshold|profile=conservative|thr=0.50|tau_high=0.80,neuro_symbolic_strict_two_threshold,True,strict_valid_or_high_confidence,conservative,0.5,0.8,0.8482222222222222,0.74225,0.3840304182509506,0.606,0.47013188518231186,0.8785,0.1215,0.394,303,486,3514,197,4500,500,789,0.1111111111111111,0.17533333333333334,0.8312185,0.3092723291520748,0.3092723291520748,0.1900855760210838,0.582832806566003,789,3711,0.17533333333333334,0.8246666666666667,973.0,1922.0,1605.0,588.0,73.0,515.0,0.12600650383937095,-0.21399999999999997,0.07759957307125392,-693.0,107.0,693.0,0.5877862595419847,0.21399999999999997,0.2609756097560975
pairwise_50_medium_unseen100,neural_logreg,valid,strict_two_threshold|profile=moderate|thr=0.50|tau_high=0.80,neuro_symbolic_strict_two_threshold,True,strict_valid_or_high_confidence,moderate,0.5,0.8,0.8614285714285714,0.665,0.52,0.39,0.44571428571428573,0.94,0.06,0.61,195,180,2820,305,3500,500,375,0.14285714285714285,0.10714285714285714,0.8873233333333334,0.5387649018266534,0.5387649018266534,0.14838372411221018,0.47012363905288773,375,3125,0.10714285714285714,0.8928571428571429,493.0,2345.0,662.0,653.0,202.0,451.0,0.1423404255319149,-0.46199999999999997,-0.07762723762723767,-522.0,231.0,522.0,0.7435897435897436,0.46199999999999997,0.5422535211267605
pairwise_50_medium_unseen100,neural_logreg,test,strict_two_threshold|profile=moderate|thr=0.50|tau_high=0.80,neuro_symbolic_strict_two_threshold,True,strict_valid_or_high_confidence,moderate,0.5,0.8,0.8628888888888889,0.6507499999999999,0.38181818181818183,0.378,0.3798994974874372,0.9235,0.0765,0.622,189,306,3694,311,4500,500,495,0.1111111111111111,0.11,0.8312185,0.3092723291520748,0.3092723291520748,0.1900855760210838,0.582832806566003,495,4005,0.11,0.89,566.0,3095.0,839.0,966.0,201.0,765.0,0.12379426740660221,-0.44199999999999995,-0.012632814623620758,-873.0,221.0,873.0,0.7404580152671756,0.44199999999999995,0.5390243902439024
pairwise_50_medium_unseen100,neural_logreg,valid,strict_two_threshold|profile=conservative|thr=0.50|tau_high=0.90,neuro_symbolic_strict_two_threshold,True,strict_valid_or_high_confidence,conservative,0.5,0.9,0.862,0.7511666666666666,0.5146804835924007,0.596,0.5523632993512512,0.9063333333333333,0.09366666666666666,0.404,298,281,2719,202,3500,500,579,0.14285714285714285,0.16542857142857142,0.8873233333333334,0.5387649018266534,0.5387649018266534,0.14838372411221018,0.47012363905288773,579,2921,0.16542857142857142,0.8345714285714285,856.0,1418.0,1226.0,347.0,68.0,279.0,0.13702090912431558,-0.256,0.029021776009727773,-421.0,128.0,421.0,0.5997150997150997,0.256,0.3004694835680751
pairwise_50_medium_unseen100,neural_logreg,test,strict_two_threshold|profile=conservative|thr=0.50|tau_high=0.90,neuro_symbolic_strict_two_threshold,True,strict_valid_or_high_confidence,conservative,0.5,0.9,0.8571111111111112,0.7253750000000001,0.3977110157367668,0.556,0.46371976647206004,0.89475,0.10525,0.444,278,421,3579,222,4500,500,699,0.1111111111111111,0.15533333333333332,0.8312185,0.3092723291520748,0.3092723291520748,0.1900855760210838,0.582832806566003,699,3801,0.15533333333333332,0.8446666666666667,973.0,1922.0,1605.0,588.0,73.0,515.0,0.1396871013251872,-0.2639999999999999,0.0711874543610021,-758.0,132.0,758.0,0.6429177268871925,0.2639999999999999,0.321951219512195
pairwise_50_medium_unseen100,neural_logreg,valid,strict_two_threshold|profile=moderate|thr=0.50|tau_high=0.90,neuro_symbolic_strict_two_threshold,True,strict_valid_or_high_confidence,moderate,0.5,0.9,0.8625714285714285,0.6548333333333334,0.527536231884058,0.364,0.4307692307692308,0.9456666666666667,0.05433333333333333,0.636,182,163,2837,318,3500,500,345,0.14285714285714285,0.09857142857142857,0.8873233333333334,0.5387649018266534,0.5387649018266534,0.14838372411221018,0.47012363905288773,345,3155,0.09857142857142857,0.9014285714285715,493.0,2345.0,662.0,653.0,202.0,451.0,0.14987665741597284,-0.488,-0.0925722925722926,-539.0,244.0,539.0,0.7678062678062678,0.488,0.5727699530516432
pairwise_50_medium_unseen100,neural_logreg,test,strict_two_threshold|profile=moderate|thr=0.50|tau_high=0.90,neuro_symbolic_strict_two_threshold,True,strict_valid_or_high_confidence,moderate,0.5,0.9,0.8671111111111112,0.63825,0.3891402714932127,0.344,0.3651804670912951,0.9325,0.0675,0.656,172,270,3730,328,4500,500,442,0.1111111111111111,0.09822222222222222,0.8312185,0.3092723291520748,0.3092723291520748,0.1900855760210838,0.582832806566003,442,4058,0.09822222222222222,0.9017777777777778,566.0,3095.0,839.0,966.0,201.0,765.0,0.13111635708163305,-0.476,-0.027351845019762844,-909.0,238.0,909.0,0.7709923664122137,0.476,0.5804878048780487
pairwise_50_medium_unseen100,neural_logreg,valid,strict_two_threshold|profile=conservative|thr=0.50|tau_high=0.95,neuro_symbolic_strict_two_threshold,True,strict_valid_or_high_confidence,conservative,0.5,0.95,0.8628571428571429,0.7424999999999999,0.5180505415162455,0.574,0.5445920303605313,0.911,0.089,0.426,287,267,2733,213,3500,500,554,0.14285714285714285,0.15828571428571428,0.8873233333333334,0.5387649018266534,0.5387649018266534,0.14838372411221018,0.47012363905288773,554,2946,0.15828571428571428,0.8417142857142857,856.0,1418.0,1226.0,347.0,68.0,279.0,0.1403909670481604,-0.278,0.02125050701900788,-435.0,139.0,435.0,0.6196581196581197,0.278,0.3262910798122066
pairwise_50_medium_unseen100,neural_logreg,test,strict_two_threshold|profile=conservative|thr=0.50|tau_high=0.95,neuro_symbolic_strict_two_threshold,True,strict_valid_or_high_confidence,conservative,0.5,0.95,0.862,0.7115,0.405320813771518,0.518,0.4547848990342406,0.905,0.095,0.482,259,380,3620,241,4500,500,639,0.1111111111111111,0.142,0.8312185,0.3092723291520748,0.3092723291520748,0.1900855760210838,0.582832806566003,639,3861,0.142,0.858,973.0,1922.0,1605.0,588.0,73.0,515.0,0.1472968993599384,-0.30199999999999994,0.06225258692318264,-799.0,151.0,799.0,0.6776929601357082,0.30199999999999994,0.3682926829268292
pairwise_50_medium_unseen100,neural_logreg,valid,strict_two_threshold|profile=moderate|thr=0.50|tau_high=0.95,neuro_symbolic_strict_two_threshold,True,strict_valid_or_high_confidence,moderate,0.5,0.95,0.8637142857142858,0.6505,0.5349544072948328,0.352,0.42460796139927626,0.949,0.051,0.648,176,153,2847,324,3500,500,329,0.14285714285714285,0.094,0.8873233333333334,0.5387649018266534,0.5387649018266534,0.14838372411221018,0.47012363905288773,329,3171,0.094,0.906,493.0,2345.0,662.0,653.0,202.0,451.0,0.15729483282674767,-0.5,-0.09873356194224714,-549.0,250.0,549.0,0.782051282051282,0.5,0.5868544600938967
pairwise_50_medium_unseen100,neural_logreg,test,strict_two_threshold|profile=moderate|thr=0.50|tau_high=0.95,neuro_symbolic_strict_two_threshold,True,strict_valid_or_high_confidence,moderate,0.5,0.95,0.8715555555555555,0.631125,0.4025,0.322,0.35777777777777775,0.94025,0.05975,0.678,161,239,3761,339,4500,500,400,0.1111111111111111,0.08888888888888889,0.8312185,0.3092723291520748,0.3092723291520748,0.1900855760210838,0.582832806566003,400,4100,0.08888888888888889,0.9111111111111111,566.0,3095.0,839.0,966.0,201.0,765.0,0.1444760855884204,-0.49799999999999994,-0.034754534333280185,-940.0,249.0,940.0,0.7972858354537744,0.49799999999999994,0.6073170731707317
pairwise_50_medium_unseen100,neural_logreg,valid,strict_two_threshold|profile=conservative|thr=0.50|tau_high=0.97,neuro_symbolic_strict_two_threshold,True,strict_valid_or_high_confidence,conservative,0.5,0.97,0.8617142857142858,0.736,0.5147058823529411,0.56,0.5363984674329502,0.912,0.088,0.44,280,264,2736,220,3500,500,544,0.14285714285714285,0.15542857142857142,0.8873233333333334,0.5387649018266534,0.5387649018266534,0.14838372411221018,0.47012363905288773,544,2956,0.15542857142857142,0.8445714285714285,856.0,1418.0,1226.0,347.0,68.0,279.0,0.137046307884856,-0.2919999999999999,0.01305694409142677,-438.0,146.0,438.0,0.6239316239316239,0.2919999999999999,0.3427230046948356
pairwise_50_medium_unseen100,neural_logreg,test,strict_two_threshold|profile=conservative|thr=0.50|tau_high=0.97,neuro_symbolic_strict_two_threshold,True,strict_valid_or_high_confidence,conservative,0.5,0.97,0.8637777777777778,0.708125,0.40901771336553944,0.508,0.45316681534344333,0.90825,0.09175,0.492,254,367,3633,246,4500,500,621,0.1111111111111111,0.138,0.8312185,0.3092723291520748,0.3092723291520748,0.1900855760210838,0.582832806566003,621,3879,0.138,0.862,973.0,1922.0,1605.0,588.0,73.0,515.0,0.1509937989539598,-0.31199999999999994,0.060634503232385395,-812.0,156.0,812.0,0.6887192536047498,0.31199999999999994,0.38048780487804873
pairwise_50_medium_unseen100,neural_logreg,valid,strict_two_threshold|profile=moderate|thr=0.50|tau_high=0.97,neuro_symbolic_strict_two_threshold,True,strict_valid_or_high_confidence,moderate,0.5,0.97,0.8634285714285714,0.647,0.5341614906832298,0.344,0.41849148418491483,0.95,0.05,0.656,172,150,2850,328,3500,500,322,0.14285714285714285,0.092,0.8873233333333334,0.5387649018266534,0.5387649018266534,0.14838372411221018,0.47012363905288773,322,3178,0.092,0.908,493.0,2345.0,662.0,653.0,202.0,451.0,0.1565019162151447,-0.508,-0.10485003915660857,-552.0,254.0,552.0,0.7863247863247863,0.508,0.5962441314553991
pairwise_50_medium_unseen100,neural_logreg,test,strict_two_threshold|profile=moderate|thr=0.50|tau_high=0.97,neuro_symbolic_strict_two_threshold,True,strict_valid_or_high_confidence,moderate,0.5,0.97,0.8728888888888889,0.628375,0.4067357512953368,0.314,0.3544018058690745,0.94275,0.05725,0.686,157,229,3771,343,4500,500,386,0.1111111111111111,0.08577777777777777,0.8312185,0.3092723291520748,0.3092723291520748,0.1900855760210838,0.582832806566003,386,4114,0.08577777777777777,0.9142222222222223,566.0,3095.0,839.0,966.0,201.0,765.0,0.14871183688375716,-0.506,-0.03813050624198344,-950.0,253.0,950.0,0.8057675996607294,0.506,0.6170731707317073
pairwise_50_medium_unseen100,neural_logreg,valid,strict_two_threshold|profile=conservative|thr=0.60|tau_high=0.80,neuro_symbolic_strict_two_threshold,True,strict_valid_or_high_confidence,conservative,0.6,0.8,0.8717142857142857,0.7518333333333334,0.5478424015009381,0.584,0.5653436592449177,0.9196666666666666,0.08033333333333334,0.416,292,241,2759,208,3500,500,533,0.14285714285714285,0.15228571428571427,0.8873233333333334,0.5387649018266534,0.5387649018266534,0.14838372411221018,0.47012363905288773,533,2967,0.15228571428571427,0.8477142857142858,856.0,1418.0,1226.0,250.0,59.0,191.0,0.11252181657405397,-0.19000000000000006,0.008108238078611052,-261.0,95.0,261.0,0.5199203187250996,0.19000000000000006,0.24547803617571065
pairwise_50_medium_unseen100,neural_logreg,test,strict_two_threshold|profile=conservative|thr=0.60|tau_high=0.80,neuro_symbolic_strict_two_threshold,True,strict_valid_or_high_confidence,conservative,0.6,0.8,0.8588888888888889,0.731625,0.4039829302987198,0.568,0.47215295095594345,0.89525,0.10475,0.432,284,419,3581,216,4500,500,703,0.1111111111111111,0.15622222222222223,0.8312185,0.3092723291520748,0.3092723291520748,0.1900855760210838,0.582832806566003,703,3797,0.15622222222222223,0.8437777777777777,973.0,1922.0,1605.0,439.0,57.0,382.0,0.11982143961548997,-0.16400000000000003,0.06275697780158102,-503.0,82.0,503.0,0.5455531453362256,0.16400000000000003,0.2240437158469946
pairwise_50_medium_unseen100,neural_logreg,valid,strict_two_threshold|profile=moderate|thr=0.60|tau_high=0.80,neuro_symbolic_strict_two_threshold,True,strict_valid_or_high_confidence,moderate,0.6,0.8,0.8662857142857143,0.6511666666666667,0.550314465408805,0.35,0.4278728606356968,0.9523333333333334,0.04766666666666667,0.65,175,143,2857,325,3500,500,318,0.14285714285714285,0.09085714285714286,0.8873233333333334,0.5387649018266534,0.5387649018266534,0.14838372411221018,0.47012363905288773,318,3182,0.09085714285714286,0.9091428571428571,493.0,2345.0,662.0,498.0,185.0,313.0,0.11499388048192088,-0.42400000000000004,-0.12936256053060985,-359.0,212.0,359.0,0.7151394422310757,0.42400000000000004,0.5478036175710594
pairwise_50_medium_unseen100,neural_logreg,test,strict_two_threshold|profile=moderate|thr=0.60|tau_high=0.80,neuro_symbolic_strict_two_threshold,True,strict_valid_or_high_confidence,moderate,0.6,0.8,0.8686666666666667,0.6443749999999999,0.3982102908277405,0.356,0.3759239704329461,0.93275,0.06725,0.644,178,269,3731,322,4500,500,447,0.1111111111111111,0.09933333333333333,0.8312185,0.3092723291520748,0.3092723291520748,0.1900855760210838,0.582832806566003,447,4053,0.09933333333333333,0.9006666666666666,566.0,3095.0,839.0,754.0,174.0,580.0,0.11404880014451069,-0.376,-0.033472002721416316,-653.0,188.0,653.0,0.7082429501084598,0.376,0.5136612021857924
pairwise_50_medium_unseen100,neural_logreg,valid,strict_two_threshold|profile=conservative|thr=0.60|tau_high=0.90,neuro_symbolic_strict_two_threshold,True,strict_valid_or_high_confidence,conservative,0.6,0.9,0.8745714285714286,0.7385,0.5626283367556468,0.548,0.5552178318135765,0.929,0.071,0.452,274,213,2787,226,3500,500,487,0.14285714285714285,0.13914285714285715,0.8873233333333334,0.5387649018266534,0.5387649018266534,0.14838372411221018,0.47012363905288773,487,3013,0.13914285714285715,0.8608571428571429,856.0,1418.0,1226.0,250.0,59.0,191.0,0.1273077518287627,-0.22599999999999998,-0.002017589352730109,-289.0,113.0,289.0,0.5756972111553785,0.22599999999999998,0.2919896640826873
pairwise_50_medium_unseen100,neural_logreg,test,strict_two_threshold|profile=conservative|thr=0.60|tau_high=0.90,neuro_symbolic_strict_two_threshold,True,strict_valid_or_high_confidence,conservative,0.6,0.9,0.8677777777777778,0.71475,0.42251223491027734,0.518,0.46540880503144655,0.9115,0.0885,0.482,259,354,3646,241,4500,500,613,0.1111111111111111,0.13622222222222222,0.8312185,0.3092723291520748,0.3092723291520748,0.1900855760210838,0.582832806566003,613,3887,0.13622222222222222,0.8637777777777778,973.0,1922.0,1605.0,439.0,57.0,382.0,0.13835074422704752,-0.21399999999999997,0.05601283187708411,-568.0,107.0,568.0,0.6160520607375272,0.21399999999999997,0.2923497267759562
pairwise_50_medium_unseen100,neural_logreg,valid,strict_two_threshold|profile=moderate|thr=0.60|tau_high=0.90,neuro_symbolic_strict_two_threshold,True,strict_valid_or_high_confidence,moderate,0.6,0.9,0.8674285714285714,0.641,0.5625,0.324,0.41116751269035534,0.958,0.042,0.676,162,126,2874,338,3500,500,288,0.14285714285714285,0.08228571428571428,0.8873233333333334,0.5387649018266534,0.5387649018266534,0.14838372411221018,0.47012363905288773,288,3212,0.08228571428571428,0.9177142857142857,493.0,2345.0,662.0,498.0,185.0,313.0,0.12717941507311586,-0.45,-0.1460679084759513,-376.0,225.0,376.0,0.749003984063745,0.45,0.5813953488372093
pairwise_50_medium_unseen100,neural_logreg,test,strict_two_threshold|profile=moderate|thr=0.60|tau_high=0.90,neuro_symbolic_strict_two_threshold,True,strict_valid_or_high_confidence,moderate,0.6,0.9,0.8728888888888889,0.631875,0.4086294416243655,0.322,0.36017897091722595,0.94175,0.05825,0.678,161,233,3767,339,4500,500,394,0.1111111111111111,0.08755555555555555,0.8312185,0.3092723291520748,0.3092723291520748,0.1900855760210838,0.582832806566003,394,4106,0.08755555555555555,0.9124444444444444,566.0,3095.0,839.0,754.0,174.0,580.0,0.12446795094113566,-0.41,-0.04921700223713649,-689.0,205.0,689.0,0.7472885032537961,0.41,0.5601092896174863
pairwise_50_medium_unseen100,neural_logreg,valid,strict_two_threshold|profile=conservative|thr=0.60|tau_high=0.95,neuro_symbolic_strict_two_threshold,True,strict_valid_or_high_confidence,conservative,0.6,0.95,0.8754285714285714,0.7298333333333333,0.5692640692640693,0.526,0.5467775467775468,0.9336666666666666,0.06633333333333333,0.474,263,199,2801,237,3500,500,462,0.14285714285714285,0.132,0.8873233333333334,0.5387649018266534,0.5387649018266534,0.14838372411221018,0.47012363905288773,462,3038,0.132,0.868,856.0,1418.0,1226.0,250.0,59.0,191.0,0.13394348433718511,-0.248,-0.010457874388759891,-303.0,124.0,303.0,0.603585657370518,0.248,0.32041343669250644
pairwise_50_medium_unseen100,neural_logreg,test,strict_two_threshold|profile=conservative|thr=0.60|tau_high=0.95,neuro_symbolic_strict_two_threshold,True,strict_valid_or_high_confidence,conservative,0.6,0.95,0.8726666666666667,0.7008749999999999,0.43399638336347196,0.48,0.45584045584045585,0.92175,0.07825,0.52,240,313,3687,260,4500,500,553,0.1111111111111111,0.1228888888888889,0.8312185,0.3092723291520748,0.3092723291520748,0.1900855760210838,0.582832806566003,553,3947,0.1228888888888889,0.8771111111111111,973.0,1922.0,1605.0,439.0,57.0,382.0,0.14983489268024214,-0.252,0.04644448268609341,-609.0,126.0,609.0,0.6605206073752712,0.252,0.3442622950819672
pairwise_50_medium_unseen100,neural_logreg,valid,strict_two_threshold|profile=moderate|thr=0.60|tau_high=0.95,neuro_symbolic_strict_two_threshold,True,strict_valid_or_high_confidence,moderate,0.6,0.95,0.8685714285714285,0.6366666666666667,0.5735294117647058,0.312,0.40414507772020725,0.9613333333333334,0.03866666666666667,0.688,156,116,2884,344,3500,500,272,0.14285714285714285,0.07771428571428571,0.8873233333333334,0.5387649018266534,0.5387649018266534,0.14838372411221018,0.47012363905288773,272,3228,0.07771428571428571,0.9222857142857143,493.0,2345.0,662.0,498.0,185.0,313.0,0.1382088268378217,-0.462,-0.1530903434460994,-386.0,231.0,386.0,0.7689243027888446,0.462,0.5968992248062016
pairwise_50_medium_unseen100,neural_logreg,test,strict_two_threshold|profile=moderate|thr=0.60|tau_high=0.95,neuro_symbolic_strict_two_threshold,True,strict_valid_or_high_confidence,moderate,0.6,0.95,0.8773333333333333,0.62475,0.42613636363636365,0.3,0.352112676056338,0.9495,0.0505,0.7,150,202,3798,350,4500,500,352,0.1111111111111111,0.07822222222222222,0.8312185,0.3092723291520748,0.3092723291520748,0.1900855760210838,0.582832806566003,352,4148,0.07822222222222222,0.9217777777777778,566.0,3095.0,839.0,754.0,174.0,580.0,0.14197487295313382,-0.432,-0.05728329709802443,-720.0,216.0,720.0,0.7809110629067245,0.432,0.5901639344262295
pairwise_50_medium_unseen100,neural_logreg,valid,strict_two_threshold|profile=conservative|thr=0.60|tau_high=0.97,neuro_symbolic_strict_two_threshold,True,strict_valid_or_high_confidence,conservative,0.6,0.97,0.8742857142857143,0.7233333333333334,0.5663716814159292,0.512,0.5378151260504201,0.9346666666666666,0.06533333333333333,0.488,256,196,2804,244,3500,500,452,0.14285714285714285,0.12914285714285714,0.8873233333333334,0.5387649018266534,0.5387649018266534,0.14838372411221018,0.47012363905288773,452,3048,0.12914285714285714,0.8708571428571429,856.0,1418.0,1226.0,250.0,59.0,191.0,0.13105109648904506,-0.262,-0.0194202951158865,-306.0,131.0,306.0,0.6095617529880478,0.262,0.3385012919896641
pairwise_50_medium_unseen100,neural_logreg,test,strict_two_threshold|profile=conservative|thr=0.60|tau_high=0.97,neuro_symbolic_strict_two_threshold,True,strict_valid_or_high_confidence,conservative,0.6,0.97,0.8744444444444445,0.6975,0.4392523364485981,0.47,0.45410628019323673,0.925,0.075,0.53,235,300,3700,265,4500,500,535,0.1111111111111111,0.11888888888888889,0.8312185,0.3092723291520748,0.3092723291520748,0.1900855760210838,0.582832806566003,535,3965,0.11888888888888889,0.8811111111111111,973.0,1922.0,1605.0,439.0,57.0,382.0,0.1550908457653683,-0.262,0.0447103070388743,-622.0,131.0,622.0,0.6746203904555315,0.262,0.35792349726775957
pairwise_50_medium_unseen100,neural_logreg,valid,strict_two_threshold|profile=moderate|thr=0.60|tau_high=0.97,neuro_symbolic_strict_two_threshold,True,strict_valid_or_high_confidence,moderate,0.6,0.97,0.8682857142857143,0.6331666666666667,0.5735849056603773,0.304,0.39738562091503266,0.9623333333333334,0.03766666666666667,0.696,152,113,2887,348,3500,500,265,0.14285714285714285,0.07571428571428572,0.8873233333333334,0.5387649018266534,0.5387649018266534,0.14838372411221018,0.47012363905288773,265,3235,0.07571428571428572,0.9242857142857143,493.0,2345.0,662.0,498.0,185.0,313.0,0.1382643207334932,-0.47000000000000003,-0.159849800251274,-389.0,235.0,389.0,0.7749003984063745,0.47000000000000003,0.6072351421188631
pairwise_50_medium_unseen100,neural_logreg,test,strict_two_threshold|profile=moderate|thr=0.60|tau_high=0.97,neuro_symbolic_strict_two_threshold,True,strict_valid_or_high_confidence,moderate,0.6,0.97,0.8786666666666667,0.622,0.4319526627218935,0.292,0.34844868735083534,0.952,0.048,0.708,146,192,3808,354,4500,500,338,0.1111111111111111,0.07511111111111111,0.8312185,0.3092723291520748,0.3092723291520748,0.1900855760210838,0.582832806566003,338,4162,0.07511111111111111,0.9248888888888889,566.0,3095.0,839.0,754.0,174.0,580.0,0.14779117203866365,-0.44,-0.060947285803527096,-730.0,220.0,730.0,0.7917570498915402,0.44,0.6010928961748634
pairwise_50_medium_unseen100,neural_logreg,valid,strict_two_threshold|profile=conservative|thr=0.66|tau_high=0.80,neuro_symbolic_strict_two_threshold,True,strict_valid_or_high_confidence,conservative,0.66,0.8,0.8785714285714286,0.7433333333333334,0.5782881002087683,0.554,0.5658835546475995,0.9326666666666666,0.06733333333333333,0.446,277,202,2798,223,3500,500,479,0.14285714285714285,0.13685714285714284,0.8873233333333334,0.5387649018266534,0.5387649018266534,0.14838372411221018,0.47012363905288773,479,3021,0.13685714285714284,0.8631428571428571,856.0,1418.0,1226.0,201.0,50.0,151.0,0.10043575121547971,-0.15799999999999992,-0.006003995553203634,-187.0,79.0,187.0,0.480719794344473,0.15799999999999992,0.22191011235955047
pairwise_50_medium_unseen100,neural_logreg,test,strict_two_threshold|profile=conservative|thr=0.66|tau_high=0.80,neuro_symbolic_strict_two_threshold,True,strict_valid_or_high_confidence,conservative,0.66,0.8,0.864,0.71175,0.410828025477707,0.516,0.4574468085106383,0.9075,0.0925,0.484,258,370,3630,242,4500,500,628,0.1111111111111111,0.13955555555555554,0.8312185,0.3092723291520748,0.3092723291520748,0.1900855760210838,0.582832806566003,628,3872,0.13955555555555554,0.8604444444444445,973.0,1922.0,1605.0,368.0,50.0,318.0,0.11237488626023662,-0.14,0.04719039825422805,-401.0,70.0,401.0,0.5201037613488976,0.14,0.2134146341463415
pairwise_50_medium_unseen100,neural_logreg,valid,strict_two_threshold|profile=moderate|thr=0.66|tau_high=0.80,neuro_symbolic_strict_two_threshold,True,strict_valid_or_high_confidence,moderate,0.66,0.8,0.8688571428571429,0.646,0.5699658703071673,0.334,0.42118537200504413,0.958,0.042,0.666,167,126,2874,333,3500,500,293,0.14285714285714285,0.08371428571428571,0.8873233333333334,0.5387649018266534,0.5387649018266534,0.14838372411221018,0.47012363905288773,293,3207,0.08371428571428571,0.9162857142857143,493.0,2345.0,662.0,407.0,167.0,240.0,0.09211352131387868,-0.37799999999999995,-0.15070217819575904,-263.0,189.0,263.0,0.6760925449871465,0.37799999999999995,0.5308988764044943
pairwise_50_medium_unseen100,neural_logreg,test,strict_two_threshold|profile=moderate|thr=0.66|tau_high=0.80,neuro_symbolic_strict_two_threshold,True,strict_valid_or_high_confidence,moderate,0.66,0.8,0.8708888888888889,0.63075,0.39950372208436724,0.322,0.35658914728682173,0.9395,0.0605,0.678,161,242,3758,339,4500,500,403,0.1111111111111111,0.08955555555555555,0.8312185,0.3092723291520748,0.3092723291520748,0.1900855760210838,0.582832806566003,403,4097,0.08955555555555555,0.9104444444444444,566.0,3095.0,839.0,630.0,155.0,475.0,0.10105058286689683,-0.334,-0.053667262969588514,-529.0,167.0,529.0,0.6861219195849546,0.334,0.5091463414634146
pairwise_50_medium_unseen100,neural_logreg,valid,strict_two_threshold|profile=conservative|thr=0.66|tau_high=0.90,neuro_symbolic_strict_two_threshold,True,strict_valid_or_high_confidence,conservative,0.66,0.9,0.8814285714285715,0.73,0.5981524249422633,0.518,0.5551982851018221,0.942,0.058,0.482,259,174,2826,241,3500,500,433,0.14285714285714285,0.12371428571428572,0.8873233333333334,0.5387649018266534,0.5387649018266534,0.14838372411221018,0.47012363905288773,433,3067,0.12371428571428572,0.8762857142857143,856.0,1418.0,1226.0,201.0,50.0,151.0,0.12030007594897468,-0.19399999999999995,-0.016689265098981054,-215.0,97.0,215.0,0.5526992287917738,0.19399999999999995,0.2724719101123595
pairwise_50_medium_unseen100,neural_logreg,test,strict_two_threshold|profile=conservative|thr=0.66|tau_high=0.90,neuro_symbolic_strict_two_threshold,True,strict_valid_or_high_confidence,conservative,0.66,0.9,0.8728888888888889,0.694875,0.43308550185873607,0.466,0.4489402697495183,0.92375,0.07625,0.534,233,305,3695,267,4500,500,538,0.1111111111111111,0.11955555555555555,0.8312185,0.3092723291520748,0.3092723291520748,0.1900855760210838,0.582832806566003,538,3962,0.11955555555555555,0.8804444444444445,973.0,1922.0,1605.0,368.0,50.0,318.0,0.13463236264126566,-0.19,0.03868385949310804,-466.0,95.0,466.0,0.6044098573281452,0.19,0.2896341463414634
pairwise_50_medium_unseen100,neural_logreg,valid,strict_two_threshold|profile=moderate|thr=0.66|tau_high=0.90,neuro_symbolic_strict_two_threshold,True,strict_valid_or_high_confidence,moderate,0.66,0.9,0.87,0.6358333333333334,0.5855513307984791,0.308,0.4036697247706422,0.9636666666666667,0.036333333333333336,0.692,154,109,2891,346,3500,500,263,0.14285714285714285,0.07514285714285714,0.8873233333333334,0.5387649018266534,0.5387649018266534,0.14838372411221018,0.47012363905288773,263,3237,0.07514285714285714,0.9248571428571428,493.0,2345.0,662.0,407.0,167.0,240.0,0.1076989818051905,-0.40399999999999997,-0.16821782543016095,-280.0,202.0,280.0,0.7197943444730077,0.40399999999999997,0.5674157303370786
pairwise_50_medium_unseen100,neural_logreg,test,strict_two_threshold|profile=moderate|thr=0.66|tau_high=0.90,neuro_symbolic_strict_two_threshold,True,strict_valid_or_high_confidence,moderate,0.66,0.9,0.8751111111111111,0.61825,0.4114285714285714,0.288,0.3388235294117647,0.9485,0.0515,0.712,144,206,3794,356,4500,500,350,0.1111111111111111,0.07777777777777778,0.8312185,0.3092723291520748,0.3092723291520748,0.1900855760210838,0.582832806566003,350,4150,0.07777777777777778,0.9222222222222223,566.0,3095.0,839.0,630.0,155.0,475.0,0.11297543221110101,-0.36800000000000005,-0.07143288084464555,-565.0,184.0,565.0,0.7328145265888456,0.36800000000000005,0.5609756097560976
pairwise_50_medium_unseen100,neural_logreg,valid,strict_two_threshold|profile=conservative|thr=0.66|tau_high=0.95,neuro_symbolic_strict_two_threshold,True,strict_valid_or_high_confidence,conservative,0.66,0.95,0.8822857142857143,0.7213333333333334,0.6078431372549019,0.496,0.5462555066079295,0.9466666666666667,0.05333333333333334,0.504,248,160,2840,252,3500,500,408,0.14285714285714285,0.11657142857142858,0.8873233333333334,0.5387649018266534,0.5387649018266534,0.14838372411221018,0.47012363905288773,408,3092,0.11657142857142858,0.8834285714285715,856.0,1418.0,1226.0,201.0,50.0,151.0,0.1299907882616133,-0.21599999999999997,-0.025632043592873632,-229.0,108.0,229.0,0.5886889460154242,0.21599999999999997,0.3033707865168539
pairwise_50_medium_unseen100,neural_logreg,test,strict_two_threshold|profile=conservative|thr=0.66|tau_high=0.95,neuro_symbolic_strict_two_threshold,True,strict_valid_or_high_confidence,conservative,0.66,0.95,0.8777777777777778,0.681,0.4476987447698745,0.428,0.4376278118609407,0.934,0.066,0.572,214,264,3736,286,4500,500,478,0.1111111111111111,0.10622222222222222,0.8312185,0.3092723291520748,0.3092723291520748,0.1900855760210838,0.582832806566003,478,4022,0.10622222222222222,0.8937777777777778,973.0,1922.0,1605.0,368.0,50.0,318.0,0.14924560555240407,-0.22800000000000004,0.027371401604530443,-507.0,114.0,507.0,0.6575875486381323,0.22800000000000004,0.34756097560975613
pairwise_50_medium_unseen100,neural_logreg,valid,strict_two_threshold|profile=moderate|thr=0.66|tau_high=0.95,neuro_symbolic_strict_two_threshold,True,strict_valid_or_high_confidence,moderate,0.66,0.95,0.8711428571428571,0.6315,0.5991902834008097,0.296,0.3962516733601071,0.967,0.033,0.704,148,99,2901,352,3500,500,247,0.14285714285714285,0.07057142857142858,0.8873233333333334,0.5387649018266534,0.5387649018266534,0.14838372411221018,0.47012363905288773,247,3253,0.07057142857142858,0.9294285714285714,493.0,2345.0,662.0,407.0,167.0,240.0,0.12133793440752111,-0.416,-0.1756358768406961,-290.0,208.0,290.0,0.7455012853470437,0.416,0.5842696629213483
pairwise_50_medium_unseen100,neural_logreg,test,strict_two_threshold|profile=moderate|thr=0.66|tau_high=0.95,neuro_symbolic_strict_two_threshold,True,strict_valid_or_high_confidence,moderate,0.66,0.95,0.8795555555555555,0.611125,0.4318181818181818,0.266,0.3292079207920792,0.95625,0.04375,0.734,133,175,3825,367,4500,500,308,0.1111111111111111,0.06844444444444445,0.8312185,0.3092723291520748,0.3092723291520748,0.1900855760210838,0.582832806566003,308,4192,0.06844444444444445,0.9315555555555556,566.0,3095.0,839.0,630.0,155.0,475.0,0.13336504260071141,-0.39,-0.08104848946433102,-596.0,195.0,596.0,0.7730220492866408,0.39,0.5945121951219512
pairwise_50_medium_unseen100,neural_logreg,valid,strict_two_threshold|profile=conservative|thr=0.66|tau_high=0.97,neuro_symbolic_strict_two_threshold,True,strict_valid_or_high_confidence,conservative,0.66,0.97,0.8811428571428571,0.7148333333333333,0.6055276381909548,0.482,0.5367483296213809,0.9476666666666667,0.052333333333333336,0.518,241,157,2843,259,3500,500,398,0.14285714285714285,0.11371428571428571,0.8873233333333334,0.5387649018266534,0.5387649018266534,0.14838372411221018,0.47012363905288773,398,3102,0.11371428571428571,0.8862857142857142,856.0,1418.0,1226.0,201.0,50.0,151.0,0.1276752891976662,-0.22999999999999998,-0.035139220579422314,-232.0,115.0,232.0,0.596401028277635,0.22999999999999998,0.32303370786516855
pairwise_50_medium_unseen100,neural_logreg,test,strict_two_threshold|profile=conservative|thr=0.66|tau_high=0.97,neuro_symbolic_strict_two_threshold,True,strict_valid_or_high_confidence,conservative,0.66,0.97,0.8795555555555555,0.677625,0.4543478260869565,0.418,0.4354166666666667,0.93725,0.06275,0.582,209,251,3749,291,4500,500,460,0.1111111111111111,0.10222222222222223,0.8312185,0.3092723291520748,0.3092723291520748,0.1900855760210838,0.582832806566003,460,4040,0.10222222222222223,0.8977777777777778,973.0,1922.0,1605.0,368.0,50.0,318.0,0.1558946868694861,-0.23800000000000004,0.025160256410256432,-520.0,119.0,520.0,0.6744487678339819,0.23800000000000004,0.36280487804878053
pairwise_50_medium_unseen100,neural_logreg,valid,strict_two_threshold|profile=moderate|thr=0.66|tau_high=0.97,neuro_symbolic_strict_two_threshold,True,strict_valid_or_high_confidence,moderate,0.66,0.97,0.8708571428571429,0.628,0.6,0.288,0.3891891891891892,0.968,0.032,0.712,144,96,2904,356,3500,500,240,0.14285714285714285,0.06857142857142857,0.8873233333333334,0.5387649018266534,0.5387649018266534,0.14838372411221018,0.47012363905288773,240,3260,0.06857142857142857,0.9314285714285714,493.0,2345.0,662.0,407.0,167.0,240.0,0.12214765100671138,-0.424,-0.18269836101161396,-293.0,212.0,293.0,0.7532133676092545,0.424,0.5955056179775281
pairwise_50_medium_unseen100,neural_logreg,test,strict_two_threshold|profile=moderate|thr=0.66|tau_high=0.97,neuro_symbolic_strict_two_threshold,True,strict_valid_or_high_confidence,moderate,0.66,0.97,0.8808888888888889,0.608375,0.4387755102040816,0.258,0.3249370277078086,0.95875,0.04125,0.742,129,165,3835,371,4500,500,294,0.1111111111111111,0.06533333333333333,0.8312185,0.3092723291520748,0.3092723291520748,0.1900855760210838,0.582832806566003,294,4206,0.06533333333333333,0.9346666666666666,566.0,3095.0,839.0,630.0,155.0,475.0,0.1403223709866112,-0.398,-0.08531938254860166,-606.0,199.0,606.0,0.7859922178988327,0.398,0.6067073170731707
pairwise_50_medium_unseen100,neural_logreg,valid,strict_two_threshold|profile=conservative|thr=0.70|tau_high=0.80,neuro_symbolic_strict_two_threshold,True,strict_valid_or_high_confidence,conservative,0.7,0.8,0.8785714285714286,0.7233333333333334,0.5870069605568445,0.506,0.5435016111707841,0.9406666666666667,0.059333333333333335,0.494,253,178,2822,247,3500,500,431,0.14285714285714285,0.12314285714285714,0.8873233333333334,0.5387649018266534,0.5387649018266534,0.14838372411221018,0.47012363905288773,431,3069,0.12314285714285714,0.8768571428571429,856.0,1418.0,1226.0,166.0,40.0,126.0,0.0987074285755653,-0.12,-0.00513993133578905,-150.0,60.0,150.0,0.4573170731707317,0.12,0.19169329073482427
pairwise_50_medium_unseen100,neural_logreg,test,strict_two_threshold|profile=conservative|thr=0.70|tau_high=0.80,neuro_symbolic_strict_two_threshold,True,strict_valid_or_high_confidence,conservative,0.7,0.8,0.8711111111111111,0.7070000000000001,0.4305555555555556,0.496,0.46096654275092935,0.918,0.082,0.504,248,328,3672,252,4500,500,576,0.1111111111111111,0.128,0.8312185,0.3092723291520748,0.3092723291520748,0.1900855760210838,0.582832806566003,576,3924,0.128,0.872,973.0,1922.0,1605.0,312.0,41.0,271.0,0.11460143668172867,-0.10999999999999999,0.04561356125675525,-328.0,55.0,328.0,0.5,0.10999999999999999,0.1815181518151815
pairwise_50_medium_unseen100,neural_logreg,valid,strict_two_threshold|profile=moderate|thr=0.70|tau_high=0.80,neuro_symbolic_strict_two_threshold,True,strict_valid_or_high_confidence,moderate,0.7,0.8,0.8702857142857143,0.6393333333333333,0.5851851851851851,0.316,0.4103896103896104,0.9626666666666667,0.037333333333333336,0.684,158,112,2888,342,3500,500,270,0.14285714285714285,0.07714285714285714,0.8873233333333334,0.5387649018266534,0.5387649018266534,0.14838372411221018,0.47012363905288773,270,3230,0.07714285714285714,0.9228571428571428,493.0,2345.0,662.0,341.0,139.0,202.0,0.09688565320390591,-0.31,-0.13825193211696274,-216.0,155.0,216.0,0.6585365853658537,0.31,0.4952076677316294
pairwise_50_medium_unseen100,neural_logreg,test,strict_two_threshold|profile=moderate|thr=0.70|tau_high=0.80,neuro_symbolic_strict_two_threshold,True,strict_valid_or_high_confidence,moderate,0.7,0.8,0.8746666666666667,0.625,0.41304347826086957,0.304,0.35023041474654376,0.946,0.054,0.696,152,216,3784,348,4500,500,368,0.1111111111111111,0.08177777777777778,0.8312185,0.3092723291520748,0.3092723291520748,0.1900855760210838,0.582832806566003,368,4132,0.08177777777777778,0.9182222222222223,566.0,3095.0,839.0,543.0,143.0,400.0,0.09708935938704266,-0.302,-0.06512256674763034,-440.0,151.0,440.0,0.6707317073170732,0.302,0.49834983498349833
pairwise_50_medium_unseen100,neural_logreg,valid,strict_two_threshold|profile=conservative|thr=0.70|tau_high=0.90,neuro_symbolic_strict_two_threshold,True,strict_valid_or_high_confidence,conservative,0.7,0.9,0.8814285714285715,0.71,0.6103896103896104,0.47,0.5310734463276836,0.95,0.05,0.53,235,150,2850,265,3500,500,385,0.14285714285714285,0.11,0.8873233333333334,0.5387649018266534,0.5387649018266534,0.14838372411221018,0.47012363905288773,385,3115,0.11,0.89,856.0,1418.0,1226.0,166.0,40.0,126.0,0.12209007840833114,-0.15600000000000003,-0.017568096178889547,-178.0,78.0,178.0,0.5426829268292683,0.15600000000000003,0.2492012779552716
pairwise_50_medium_unseen100,neural_logreg,test,strict_two_threshold|profile=conservative|thr=0.70|tau_high=0.90,neuro_symbolic_strict_two_threshold,True,strict_valid_or_high_confidence,conservative,0.7,0.9,0.88,0.690125,0.4588477366255144,0.446,0.45233265720081134,0.93425,0.06575,0.554,223,263,3737,277,4500,500,486,0.1111111111111111,0.108,0.8312185,0.3092723291520748,0.3092723291520748,0.1900855760210838,0.582832806566003,486,4014,0.108,0.892,973.0,1922.0,1605.0,312.0,41.0,271.0,0.14289361775168752,-0.15999999999999998,0.03697967570663724,-393.0,80.0,393.0,0.5990853658536586,0.15999999999999998,0.264026402640264
pairwise_50_medium_unseen100,neural_logreg,valid,strict_two_threshold|profile=moderate|thr=0.70|tau_high=0.90,neuro_symbolic_strict_two_threshold,True,strict_valid_or_high_confidence,moderate,0.7,0.9,0.8714285714285714,0.6291666666666667,0.6041666666666666,0.29,0.3918918918918919,0.9683333333333334,0.03166666666666667,0.71,145,95,2905,355,3500,500,240,0.14285714285714285,0.06857142857142857,0.8873233333333334,0.5387649018266534,0.5387649018266534,0.14838372411221018,0.47012363905288773,240,3260,0.06857142857142857,0.9314285714285714,493.0,2345.0,662.0,341.0,139.0,202.0,0.1158671346853874,-0.336,-0.15674965061468127,-233.0,168.0,233.0,0.7103658536585366,0.336,0.536741214057508
pairwise_50_medium_unseen100,neural_logreg,test,strict_two_threshold|profile=moderate|thr=0.70|tau_high=0.90,neuro_symbolic_strict_two_threshold,True,strict_valid_or_high_confidence,moderate,0.7,0.9,0.8788888888888889,0.6125,0.42857142857142855,0.27,0.3312883435582822,0.955,0.045,0.73,135,180,3820,365,4500,500,315,0.1111111111111111,0.07,0.8312185,0.3092723291520748,0.3092723291520748,0.1900855760210838,0.582832806566003,315,4185,0.07,0.93,566.0,3095.0,839.0,543.0,143.0,400.0,0.11261730969760164,-0.33599999999999997,-0.08406463793589192,-476.0,168.0,476.0,0.725609756097561,0.33599999999999997,0.5544554455445544
pairwise_50_medium_unseen100,neural_logreg,valid,strict_two_threshold|profile=conservative|thr=0.70|tau_high=0.95,neuro_symbolic_strict_two_threshold,True,strict_valid_or_high_confidence,conservative,0.7,0.95,0.8822857142857143,0.7013333333333334,0.6222222222222222,0.448,0.5209302325581395,0.9546666666666667,0.04533333333333334,0.552,224,136,2864,276,3500,500,360,0.14285714285714285,0.10285714285714286,0.8873233333333334,0.5387649018266534,0.5387649018266534,0.14838372411221018,0.47012363905288773,360,3140,0.10285714285714286,0.8971428571428571,856.0,1418.0,1226.0,166.0,40.0,126.0,0.133922690240943,-0.178,-0.027711309948433627,-192.0,89.0,192.0,0.5853658536585366,0.178,0.28434504792332266
pairwise_50_medium_unseen100,neural_logreg,test,strict_two_threshold|profile=conservative|thr=0.70|tau_high=0.95,neuro_symbolic_strict_two_threshold,True,strict_valid_or_high_confidence,conservative,0.7,0.95,0.8848888888888888,0.67625,0.4788732394366197,0.408,0.4406047516198704,0.9445,0.0555,0.592,204,222,3778,296,4500,500,426,0.1111111111111111,0.09466666666666666,0.8312185,0.3092723291520748,0.3092723291520748,0.1900855760210838,0.582832806566003,426,4074,0.09466666666666666,0.9053333333333333,973.0,1922.0,1605.0,312.0,41.0,271.0,0.16291912056279279,-0.198,0.025251770125696293,-434.0,99.0,434.0,0.6615853658536586,0.198,0.32673267326732675
pairwise_50_medium_unseen100,neural_logreg,valid,strict_two_threshold|profile=moderate|thr=0.70|tau_high=0.95,neuro_symbolic_strict_two_threshold,True,strict_valid_or_high_confidence,moderate,0.7,0.95,0.8725714285714286,0.6248333333333334,0.6205357142857143,0.278,0.3839779005524862,0.9716666666666667,0.028333333333333332,0.722,139,85,2915,361,3500,500,224,0.14285714285714285,0.064,0.8873233333333334,0.5387649018266534,0.5387649018266534,0.14838372411221018,0.47012363905288773,224,3276,0.064,0.936,493.0,2345.0,662.0,341.0,139.0,202.0,0.13223618230443507,-0.348,-0.16466364195408695,-243.0,174.0,243.0,0.7408536585365854,0.348,0.5559105431309904
pairwise_50_medium_unseen100,neural_logreg,test,strict_two_threshold|profile=moderate|thr=0.70|tau_high=0.95,neuro_symbolic_strict_two_threshold,True,strict_valid_or_high_confidence,moderate,0.7,0.95,0.8833333333333333,0.605375,0.4542124542124542,0.248,0.3208279430789133,0.96275,0.03725,0.752,124,149,3851,376,4500,500,273,0.1111111111111111,0.06066666666666667,0.8312185,0.3092723291520748,0.3092723291520748,0.1900855760210838,0.582832806566003,273,4227,0.06066666666666667,0.9393333333333334,566.0,3095.0,839.0,543.0,143.0,400.0,0.1382583353386273,-0.358,-0.09452503841526078,-507.0,179.0,507.0,0.7728658536585366,0.358,0.5907590759075908
pairwise_50_medium_unseen100,neural_logreg,valid,strict_two_threshold|profile=conservative|thr=0.70|tau_high=0.97,neuro_symbolic_strict_two_threshold,True,strict_valid_or_high_confidence,conservative,0.7,0.97,0.8811428571428571,0.6948333333333333,0.62,0.434,0.5105882352941177,0.9556666666666667,0.044333333333333336,0.566,217,133,2867,283,3500,500,350,0.14285714285714285,0.1,0.8873233333333334,0.5387649018266534,0.5387649018266534,0.14838372411221018,0.47012363905288773,350,3150,0.1,0.9,856.0,1418.0,1226.0,166.0,40.0,126.0,0.13170046801872076,-0.192,-0.03805330721245548,-195.0,96.0,195.0,0.5945121951219512,0.192,0.30670926517571884
pairwise_50_medium_unseen100,neural_logreg,test,strict_two_threshold|profile=conservative|thr=0.70|tau_high=0.97,neuro_symbolic_strict_two_threshold,True,strict_valid_or_high_confidence,conservative,0.7,0.97,0.8866666666666667,0.672875,0.4877450980392157,0.398,0.43832599118942733,0.94775,0.05225,0.602,199,209,3791,301,4500,500,408,0.1111111111111111,0.09066666666666667,0.8312185,0.3092723291520748,0.3092723291520748,0.1900855760210838,0.582832806566003,408,4092,0.09066666666666667,0.9093333333333333,973.0,1922.0,1605.0,312.0,41.0,271.0,0.17179097916538877,-0.20799999999999996,0.022973009695253233,-447.0,104.0,447.0,0.6814024390243902,0.20799999999999996,0.34323432343234317
pairwise_50_medium_unseen100,neural_logreg,valid,strict_two_threshold|profile=moderate|thr=0.70|tau_high=0.97,neuro_symbolic_strict_two_threshold,True,strict_valid_or_high_confidence,moderate,0.7,0.97,0.8722857142857143,0.6213333333333333,0.6221198156682027,0.27,0.37656903765690375,0.9726666666666667,0.027333333333333334,0.73,135,82,2918,365,3500,500,217,0.14285714285714285,0.062,0.8873233333333334,0.5387649018266534,0.5387649018266534,0.14838372411221018,0.47012363905288773,217,3283,0.062,0.938,493.0,2345.0,662.0,341.0,139.0,202.0,0.1338202836869235,-0.356,-0.1720725048496694,-246.0,178.0,246.0,0.75,0.356,0.5686900958466453
pairwise_50_medium_unseen100,neural_logreg,test,strict_two_threshold|profile=moderate|thr=0.70|tau_high=0.97,neuro_symbolic_strict_two_threshold,True,strict_valid_or_high_confidence,moderate,0.7,0.97,0.8846666666666667,0.602625,0.46332046332046334,0.24,0.31620553359683795,0.96525,0.03475,0.76,120,139,3861,380,4500,500,259,0.1111111111111111,0.057555555555555554,0.8312185,0.3092723291520748,0.3092723291520748,0.1900855760210838,0.582832806566003,259,4241,0.057555555555555554,0.9424444444444444,566.0,3095.0,839.0,543.0,143.0,400.0,0.14736634444663643,-0.366,-0.09914744789733615,-517.0,183.0,517.0,0.788109756097561,0.366,0.6039603960396039
pairwise_50_medium_unseen100,neural_logreg,valid,strict_two_threshold|profile=conservative|thr=0.80|tau_high=0.80,neuro_symbolic_strict_two_threshold,True,strict_valid_or_high_confidence,conservative,0.8,0.8,0.8802857142857143,0.6885,0.6194690265486725,0.42,0.5005959475566151,0.957,0.043,0.58,210,129,2871,290,3500,500,339,0.14285714285714285,0.09685714285714286,0.8873233333333334,0.5387649018266534,0.5387649018266534,0.14838372411221018,0.47012363905288773,339,3161,0.09685714285714286,0.9031428571428571,856.0,1418.0,1226.0,84.0,22.0,62.0,0.07100566957467724,-0.04400000000000004,-0.002112611489972105,-62.0,22.0,62.0,0.32460732984293195,0.04400000000000004,0.09482758620689663
pairwise_50_medium_unseen100,neural_logreg,test,strict_two_threshold|profile=conservative|thr=0.80|tau_high=0.80,neuro_symbolic_strict_two_threshold,True,strict_valid_or_high_confidence,conservative,0.8,0.8,0.8746666666666667,0.660875,0.4288888888888889,0.386,0.4063157894736842,0.93575,0.06425,0.614,193,257,3743,307,4500,500,450,0.1111111111111111,0.1,0.8312185,0.3092723291520748,0.3092723291520748,0.1900855760210838,0.582832806566003,450,4050,0.1,0.9,973.0,1922.0,1605.0,199.0,31.0,168.0,0.08374250984420473,-0.062,0.01641152489579034,-168.0,31.0,168.0,0.3952941176470588,0.062,0.13839285714285715
pairwise_50_medium_unseen100,neural_logreg,valid,strict_two_threshold|profile=moderate|thr=0.80|tau_high=0.80,neuro_symbolic_strict_two_threshold,True,strict_valid_or_high_confidence,moderate,0.8,0.8,0.8725714285714286,0.6214999999999999,0.625,0.27,0.3770949720670391,0.973,0.027,0.73,135,81,2919,365,3500,500,216,0.14285714285714285,0.061714285714285715,0.8873233333333334,0.5387649018266534,0.5387649018266534,0.14838372411221018,0.47012363905288773,216,3284,0.061714285714285715,0.9382857142857143,493.0,2345.0,662.0,207.0,97.0,110.0,0.07653664302600471,-0.194,-0.12561358697954805,-110.0,97.0,110.0,0.5759162303664922,0.194,0.41810344827586204
pairwise_50_medium_unseen100,neural_logreg,test,strict_two_threshold|profile=moderate|thr=0.80|tau_high=0.80,neuro_symbolic_strict_two_threshold,True,strict_valid_or_high_confidence,moderate,0.8,0.8,0.8768888888888889,0.5965,0.4068965517241379,0.236,0.29873417721518986,0.957,0.043,0.764,118,172,3828,382,4500,500,290,0.1111111111111111,0.06444444444444444,0.8312185,0.3092723291520748,0.3092723291520748,0.1900855760210838,0.582832806566003,290,4210,0.06444444444444444,0.9355555555555556,566.0,3095.0,839.0,359.0,106.0,253.0,0.06175017267945376,-0.21200000000000002,-0.09117008736270399,-253.0,106.0,253.0,0.5952941176470589,0.21200000000000002,0.47321428571428575
pairwise_50_medium_unseen100,neural_logreg,valid,strict_two_threshold|profile=conservative|thr=0.80|tau_high=0.90,neuro_symbolic_strict_two_threshold,True,strict_valid_or_high_confidence,conservative,0.8,0.9,0.8831428571428571,0.6751666666666667,0.6552901023890785,0.384,0.4842370744010088,0.9663333333333334,0.033666666666666664,0.616,192,101,2899,308,3500,500,293,0.14285714285714285,0.08371428571428571,0.8873233333333334,0.5387649018266534,0.5387649018266534,0.14838372411221018,0.47012363905288773,293,3207,0.08371428571428571,0.9162857142857143,856.0,1418.0,1226.0,84.0,22.0,62.0,0.10682674541508319,-0.08000000000000002,-0.01847148464557835,-90.0,40.0,90.0,0.4712041884816754,0.08000000000000002,0.1724137931034483
pairwise_50_medium_unseen100,neural_logreg,test,strict_two_threshold|profile=conservative|thr=0.80|tau_high=0.90,neuro_symbolic_strict_two_threshold,True,strict_valid_or_high_confidence,conservative,0.8,0.9,0.8835555555555555,0.644,0.4666666666666667,0.336,0.39069767441860465,0.952,0.048,0.664,168,192,3808,332,4500,500,360,0.1111111111111111,0.08,0.8312185,0.3092723291520748,0.3092723291520748,0.1900855760210838,0.582832806566003,360,4140,0.08,0.92,973.0,1922.0,1605.0,199.0,31.0,168.0,0.12152028762198253,-0.11199999999999999,0.0007934098407108015,-233.0,56.0,233.0,0.548235294117647,0.11199999999999999,0.24999999999999997
pairwise_50_medium_unseen100,neural_logreg,valid,strict_two_threshold|profile=moderate|thr=0.80|tau_high=0.90,neuro_symbolic_strict_two_threshold,True,strict_valid_or_high_confidence,moderate,0.8,0.9,0.8737142857142857,0.6113333333333333,0.6559139784946236,0.244,0.3556851311953353,0.9786666666666667,0.021333333333333333,0.756,122,64,2936,378,3500,500,186,0.14285714285714285,0.053142857142857144,0.8873233333333334,0.5387649018266534,0.5387649018266534,0.14838372411221018,0.47012363905288773,186,3314,0.053142857142857144,0.9468571428571428,493.0,2345.0,662.0,207.0,97.0,110.0,0.10745062152062834,-0.22000000000000003,-0.1470234278512519,-127.0,110.0,127.0,0.6649214659685864,0.22000000000000003,0.4741379310344828
pairwise_50_medium_unseen100,neural_logreg,test,strict_two_threshold|profile=moderate|thr=0.80|tau_high=0.90,neuro_symbolic_strict_two_threshold,True,strict_valid_or_high_confidence,moderate,0.8,0.9,0.8811111111111111,0.584,0.42616033755274263,0.202,0.27408412483039346,0.966,0.034,0.798,101,136,3864,399,4500,500,237,0.1111111111111111,0.05266666666666667,0.8312185,0.3092723291520748,0.3092723291520748,0.1900855760210838,0.582832806566003,237,4263,0.05266666666666667,0.9473333333333334,566.0,3095.0,839.0,359.0,106.0,253.0,0.08101395850805848,-0.246,-0.11582013974750038,-289.0,123.0,289.0,0.68,0.246,0.5491071428571428
pairwise_50_medium_unseen100,neural_logreg,valid,strict_two_threshold|profile=conservative|thr=0.80|tau_high=0.95,neuro_symbolic_strict_two_threshold,True,strict_valid_or_high_confidence,conservative,0.8,0.95,0.884,0.6665,0.6753731343283582,0.362,0.4713541666666667,0.971,0.029,0.638,181,87,2913,319,3500,500,268,0.14285714285714285,0.07657142857142857,0.8873233333333334,0.5387649018266534,0.5387649018266534,0.14838372411221018,0.47012363905288773,268,3232,0.07657142857142857,0.9234285714285714,856.0,1418.0,1226.0,84.0,22.0,62.0,0.12690977735436293,-0.10200000000000004,-0.03135439237992049,-104.0,51.0,104.0,0.5445026178010471,0.10200000000000004,0.2198275862068966
pairwise_50_medium_unseen100,neural_logreg,test,strict_two_threshold|profile=conservative|thr=0.80|tau_high=0.95,neuro_symbolic_strict_two_threshold,True,strict_valid_or_high_confidence,conservative,0.8,0.95,0.8884444444444445,0.630125,0.49666666666666665,0.298,0.3725,0.96225,0.03775,0.702,149,151,3849,351,4500,500,300,0.1111111111111111,0.06666666666666667,0.8312185,0.3092723291520748,0.3092723291520748,0.1900855760210838,0.582832806566003,300,4200,0.06666666666666667,0.9333333333333333,973.0,1922.0,1605.0,199.0,31.0,168.0,0.1515202876219825,-0.15000000000000002,-0.017404264577893847,-274.0,75.0,274.0,0.6447058823529411,0.15000000000000002,0.3348214285714286
pairwise_50_medium_unseen100,neural_logreg,valid,strict_two_threshold|profile=moderate|thr=0.80|tau_high=0.95,neuro_symbolic_strict_two_threshold,True,strict_valid_or_high_confidence,moderate,0.8,0.95,0.8748571428571429,0.607,0.6823529411764706,0.232,0.34626865671641793,0.982,0.018,0.768,116,54,2946,384,3500,500,170,0.14285714285714285,0.04857142857142857,0.8873233333333334,0.5387649018266534,0.5387649018266534,0.14838372411221018,0.47012363905288773,170,3330,0.04857142857142857,0.9514285714285714,493.0,2345.0,662.0,207.0,97.0,110.0,0.13388958420247532,-0.232,-0.15643990233016924,-137.0,116.0,137.0,0.7172774869109948,0.232,0.5
pairwise_50_medium_unseen100,neural_logreg,test,strict_two_threshold|profile=moderate|thr=0.80|tau_high=0.95,neuro_symbolic_strict_two_threshold,True,strict_valid_or_high_confidence,moderate,0.8,0.95,0.8855555555555555,0.576875,0.46153846153846156,0.18,0.2589928057553957,0.97375,0.02625,0.82,90,105,3895,410,4500,500,195,0.1111111111111111,0.043333333333333335,0.8312185,0.3092723291520748,0.3092723291520748,0.1900855760210838,0.582832806566003,195,4305,0.043333333333333335,0.9566666666666667,566.0,3095.0,839.0,359.0,106.0,253.0,0.11639208249377742,-0.268,-0.13091145882249816,-320.0,134.0,320.0,0.7529411764705882,0.268,0.5982142857142857
pairwise_50_medium_unseen100,neural_logreg,valid,strict_two_threshold|profile=conservative|thr=0.80|tau_high=0.97,neuro_symbolic_strict_two_threshold,True,strict_valid_or_high_confidence,conservative,0.8,0.97,0.8828571428571429,0.6599999999999999,0.6744186046511628,0.348,0.45910290237467016,0.972,0.028,0.652,174,84,2916,326,3500,500,258,0.14285714285714285,0.07371428571428572,0.8873233333333334,0.5387649018266534,0.5387649018266534,0.14838372411221018,0.47012363905288773,258,3242,0.07371428571428572,0.9262857142857143,856.0,1418.0,1226.0,84.0,22.0,62.0,0.12595524767716748,-0.11600000000000005,-0.043605656671917015,-107.0,58.0,107.0,0.5602094240837696,0.11600000000000005,0.2500000000000001
pairwise_50_medium_unseen100,neural_logreg,test,strict_two_threshold|profile=conservative|thr=0.80|tau_high=0.97,neuro_symbolic_strict_two_threshold,True,strict_valid_or_high_confidence,conservative,0.8,0.97,0.8902222222222222,0.62675,0.5106382978723404,0.288,0.36828644501278773,0.9655,0.0345,0.712,144,138,3862,356,4500,500,282,0.1111111111111111,0.06266666666666666,0.8312185,0.3092723291520748,0.3092723291520748,0.1900855760210838,0.582832806566003,282,4218,0.06266666666666666,0.9373333333333334,973.0,1922.0,1605.0,199.0,31.0,168.0,0.16549191882765624,-0.16000000000000003,-0.02161781956510611,-287.0,80.0,287.0,0.6752941176470588,0.16000000000000003,0.3571428571428572
pairwise_50_medium_unseen100,neural_logreg,valid,strict_two_threshold|profile=moderate|thr=0.80|tau_high=0.97,neuro_symbolic_strict_two_threshold,True,strict_valid_or_high_confidence,moderate,0.8,0.97,0.8745714285714286,0.6035,0.6871165644171779,0.224,0.3378582202111614,0.983,0.017,0.776,112,51,2949,388,3500,500,163,0.14285714285714285,0.04657142857142857,0.8873233333333334,0.5387649018266534,0.5387649018266534,0.14838372411221018,0.47012363905288773,163,3337,0.04657142857142857,0.9534285714285714,493.0,2345.0,662.0,207.0,97.0,110.0,0.13865320744318266,-0.24000000000000002,-0.16485033883542577,-140.0,120.0,140.0,0.7329842931937173,0.24000000000000002,0.5172413793103449
pairwise_50_medium_unseen100,neural_logreg,test,strict_two_threshold|profile=moderate|thr=0.80|tau_high=0.97,neuro_symbolic_strict_two_threshold,True,strict_valid_or_high_confidence,moderate,0.8,0.97,0.8868888888888888,0.574125,0.47513812154696133,0.172,0.2525697503671072,0.97625,0.02375,0.828,86,95,3905,414,4500,500,181,0.1111111111111111,0.04022222222222222,0.8312185,0.3092723291520748,0.3092723291520748,0.1900855760210838,0.582832806566003,181,4319,0.04022222222222222,0.9597777777777777,566.0,3095.0,839.0,359.0,106.0,253.0,0.12999174250227719,-0.276,-0.13733451421078663,-330.0,138.0,330.0,0.7764705882352941,0.276,0.6160714285714286
pairwise_50_medium_unseen100,neural_logreg,valid,strict_two_threshold|profile=conservative|thr=0.90|tau_high=0.90,neuro_symbolic_strict_two_threshold,True,strict_valid_or_high_confidence,conservative,0.9,0.9,0.8765714285714286,0.6096666666666666,0.7023809523809523,0.236,0.3532934131736527,0.9833333333333333,0.016666666666666666,0.764,118,50,2950,382,3500,500,168,0.14285714285714285,0.048,0.8873233333333334,0.5387649018266534,0.5387649018266534,0.14838372411221018,0.47012363905288773,168,3332,0.048,0.952,856.0,1418.0,1226.0,38.0,13.0,25.0,0.0664586222838649,-0.026000000000000023,-0.01781140269036996,-25.0,13.0,25.0,0.3333333333333333,0.026000000000000023,0.09923664122137413
pairwise_50_medium_unseen100,neural_logreg,test,strict_two_threshold|profile=conservative|thr=0.90|tau_high=0.90,neuro_symbolic_strict_two_threshold,True,strict_valid_or_high_confidence,conservative,0.9,0.9,0.8826666666666667,0.583125,0.43805309734513276,0.198,0.2727272727272727,0.96825,0.03175,0.802,99,127,3873,401,4500,500,226,0.1111111111111111,0.050222222222222224,0.8312185,0.3092723291520748,0.3092723291520748,0.1900855760210838,0.582832806566003,226,4274,0.050222222222222224,0.9497777777777778,973.0,1922.0,1605.0,96.0,15.0,81.0,0.08401583026438741,-0.03,-0.004644990046449915,-81.0,15.0,81.0,0.3894230769230769,0.03,0.13157894736842105
pairwise_50_medium_unseen100,neural_logreg,valid,strict_two_threshold|profile=moderate|thr=0.90|tau_high=0.90,neuro_symbolic_strict_two_threshold,True,strict_valid_or_high_confidence,moderate,0.9,0.9,0.8685714285714285,0.5691666666666666,0.6818181818181818,0.15,0.2459016393442623,0.9883333333333333,0.011666666666666667,0.85,75,35,2965,425,3500,500,110,0.14285714285714285,0.03142857142857143,0.8873233333333334,0.5387649018266534,0.5387649018266534,0.14838372411221018,0.47012363905288773,110,3390,0.03142857142857143,0.9685714285714285,493.0,2345.0,662.0,96.0,56.0,40.0,0.04589585172109434,-0.11200000000000002,-0.12520317651976037,-40.0,56.0,40.0,0.5333333333333333,0.11200000000000002,0.4274809160305344
pairwise_50_medium_unseen100,neural_logreg,test,strict_two_threshold|profile=moderate|thr=0.90|tau_high=0.90,neuro_symbolic_strict_two_threshold,True,strict_valid_or_high_confidence,moderate,0.9,0.9,0.8822222222222222,0.55225,0.4050632911392405,0.128,0.1945288753799392,0.9765,0.0235,0.872,64,94,3906,436,4500,500,158,0.1111111111111111,0.035111111111111114,0.8312185,0.3092723291520748,0.3092723291520748,0.1900855760210838,0.582832806566003,158,4342,0.035111111111111114,0.9648888888888889,566.0,3095.0,839.0,164.0,50.0,114.0,0.051026024058495156,-0.1,-0.08284338739378341,-114.0,50.0,114.0,0.5480769230769231,0.1,0.4385964912280702
pairwise_50_medium_unseen100,neural_logreg,valid,strict_two_threshold|profile=conservative|thr=0.90|tau_high=0.95,neuro_symbolic_strict_two_threshold,True,strict_valid_or_high_confidence,conservative,0.9,0.95,0.8774285714285714,0.601,0.7482517482517482,0.214,0.3328149300155521,0.988,0.012,0.786,107,36,2964,393,3500,500,143,0.14285714285714285,0.040857142857142856,0.8873233333333334,0.5387649018266534,0.5387649018266534,0.14838372411221018,0.47012363905288773,143,3357,0.040857142857142856,0.9591428571428572,856.0,1418.0,1226.0,38.0,13.0,25.0,0.1123294181546608,-0.048000000000000015,-0.03828988584847054,-39.0,24.0,39.0,0.52,0.048000000000000015,0.18320610687022906
pairwise_50_medium_unseen100,neural_logreg,test,strict_two_threshold|profile=conservative|thr=0.90|tau_high=0.95,neuro_symbolic_strict_two_threshold,True,strict_valid_or_high_confidence,conservative,0.9,0.95,0.8875555555555555,0.56925,0.4819277108433735,0.16,0.24024024024024024,0.9785,0.0215,0.84,80,86,3914,420,4500,500,166,0.1111111111111111,0.03688888888888889,0.8312185,0.3092723291520748,0.3092723291520748,0.1900855760210838,0.582832806566003,166,4334,0.03688888888888889,0.9631111111111111,973.0,1922.0,1605.0,96.0,15.0,81.0,0.12789044376262815,-0.068,-0.037132022533482384,-122.0,34.0,122.0,0.5865384615384616,0.068,0.2982456140350877
pairwise_50_medium_unseen100,neural_logreg,valid,strict_two_threshold|profile=moderate|thr=0.90|tau_high=0.95,neuro_symbolic_strict_two_threshold,True,strict_valid_or_high_confidence,moderate,0.9,0.95,0.8697142857142857,0.5648333333333333,0.7340425531914894,0.138,0.23232323232323232,0.9916666666666667,0.008333333333333333,0.862,69,25,2975,431,3500,500,94,0.14285714285714285,0.026857142857142857,0.8873233333333334,0.5387649018266534,0.5387649018266534,0.14838372411221018,0.47012363905288773,94,3406,0.026857142857142857,0.9731428571428572,493.0,2345.0,662.0,96.0,56.0,40.0,0.09812022309440194,-0.124,-0.13878158354079034,-50.0,62.0,50.0,0.6666666666666666,0.124,0.47328244274809156
pairwise_50_medium_unseen100,neural_logreg,test,strict_two_threshold|profile=moderate|thr=0.90|tau_high=0.95,neuro_symbolic_strict_two_threshold,True,strict_valid_or_high_confidence,moderate,0.9,0.95,0.8866666666666667,0.545125,0.45689655172413796,0.106,0.17207792207792208,0.98425,0.01575,0.894,53,63,3937,447,4500,500,116,0.1111111111111111,0.025777777777777778,0.8312185,0.3092723291520748,0.3092723291520748,0.1900855760210838,0.582832806566003,116,4384,0.025777777777777778,0.9742222222222222,566.0,3095.0,839.0,164.0,50.0,114.0,0.10285928464339261,-0.12200000000000001,-0.10529434069580054,-145.0,61.0,145.0,0.6971153846153846,0.12200000000000001,0.5350877192982456
pairwise_50_medium_unseen100,neural_logreg,valid,strict_two_threshold|profile=conservative|thr=0.90|tau_high=0.97,neuro_symbolic_strict_two_threshold,True,strict_valid_or_high_confidence,conservative,0.9,0.97,0.8762857142857143,0.5945,0.7518796992481203,0.2,0.315955766192733,0.989,0.011,0.8,100,33,2967,400,3500,500,133,0.14285714285714285,0.038,0.8873233333333334,0.5387649018266534,0.5387649018266534,0.14838372411221018,0.47012363905288773,133,3367,0.038,0.962,856.0,1418.0,1226.0,38.0,13.0,25.0,0.11595736915103283,-0.062,-0.05514904967128964,-42.0,31.0,42.0,0.56,0.062,0.23664122137404578
pairwise_50_medium_unseen100,neural_logreg,test,strict_two_threshold|profile=conservative|thr=0.90|tau_high=0.97,neuro_symbolic_strict_two_threshold,True,strict_valid_or_high_confidence,conservative,0.9,0.97,0.8893333333333333,0.565875,0.5067567567567568,0.15,0.23148148148148148,0.98175,0.01825,0.85,75,73,3927,425,4500,500,148,0.1111111111111111,0.03288888888888889,0.8312185,0.3092723291520748,0.3092723291520748,0.1900855760210838,0.582832806566003,148,4352,0.03288888888888889,0.9671111111111111,973.0,1922.0,1605.0,96.0,15.0,81.0,0.15271948967601146,-0.07800000000000001,-0.04589078129224114,-135.0,39.0,135.0,0.6490384615384616,0.07800000000000001,0.3421052631578948
pairwise_50_medium_unseen100,neural_logreg,valid,strict_two_threshold|profile=moderate|thr=0.90|tau_high=0.97,neuro_symbolic_strict_two_threshold,True,strict_valid_or_high_confidence,moderate,0.9,0.97,0.8694285714285714,0.5613333333333334,0.7471264367816092,0.13,0.22146507666098808,0.9926666666666667,0.007333333333333333,0.87,65,22,2978,435,3500,500,87,0.14285714285714285,0.024857142857142855,0.8873233333333334,0.5387649018266534,0.5387649018266534,0.14838372411221018,0.47012363905288773,87,3413,0.024857142857142855,0.9751428571428571,493.0,2345.0,662.0,96.0,56.0,40.0,0.11120410668452174,-0.132,-0.14963973920303458,-53.0,66.0,53.0,0.7066666666666667,0.132,0.5038167938931297
pairwise_50_medium_unseen100,neural_logreg,test,strict_two_threshold|profile=moderate|thr=0.90|tau_high=0.97,neuro_symbolic_strict_two_threshold,True,strict_valid_or_high_confidence,moderate,0.9,0.97,0.888,0.542375,0.4803921568627451,0.098,0.16279069767441862,0.98675,0.01325,0.902,49,53,3947,451,4500,500,102,0.1111111111111111,0.02266666666666667,0.8312185,0.3092723291520748,0.3092723291520748,0.1900855760210838,0.582832806566003,102,4398,0.02266666666666667,0.9773333333333334,566.0,3095.0,839.0,164.0,50.0,114.0,0.12635488978199977,-0.13,-0.114581565099304,-155.0,65.0,155.0,0.7451923076923077,0.13,0.5701754385964912
pairwise_50_medium_unseen100,neural_logreg,valid,strict_two_threshold|profile=conservative|thr=0.95|tau_high=0.95,neuro_symbolic_strict_two_threshold,True,strict_valid_or_high_confidence,conservative,0.95,0.95,0.8705714285714286,0.5628333333333333,0.7764705882352941,0.132,0.22564102564102564,0.9936666666666667,0.006333333333333333,0.868,66,19,2981,434,3500,500,85,0.14285714285714285,0.024285714285714285,0.8873233333333334,0.5387649018266534,0.5387649018266534,0.14838372411221018,0.47012363905288773,85,3415,0.024285714285714285,0.9757142857142858,856.0,1418.0,1226.0,11.0,6.0,5.0,0.026470588235294135,-0.011999999999999983,-0.015969712614007925,-5.0,6.0,5.0,0.20833333333333334,0.011999999999999983,0.08333333333333322
pairwise_50_medium_unseen100,neural_logreg,test,strict_two_threshold|profile=conservative|thr=0.95|tau_high=0.95,neuro_symbolic_strict_two_threshold,True,strict_valid_or_high_confidence,conservative,0.95,0.95,0.888,0.5345,0.47619047619047616,0.08,0.136986301369863,0.989,0.011,0.92,40,44,3956,460,4500,500,84,0.1111111111111111,0.018666666666666668,0.8312185,0.3092723291520748,0.3092723291520748,0.1900855760210838,0.582832806566003,84,4416,0.018666666666666668,0.9813333333333333,973.0,1922.0,1605.0,52.0,5.0,47.0,0.1453081232492997,-0.009999999999999995,-0.004523132592401141,-47.0,5.0,47.0,0.5164835164835165,0.009999999999999995,0.11111111111111106
pairwise_50_medium_unseen100,neural_logreg,valid,strict_two_threshold|profile=moderate|thr=0.95|tau_high=0.95,neuro_symbolic_strict_two_threshold,True,strict_valid_or_high_confidence,moderate,0.95,0.95,0.866,0.5426666666666666,0.7627118644067796,0.09,0.16100178890876565,0.9953333333333333,0.004666666666666667,0.91,45,14,2986,455,3500,500,59,0.14285714285714285,0.01685714285714286,0.8873233333333334,0.5387649018266534,0.5387649018266534,0.14838372411221018,0.47012363905288773,59,3441,0.01685714285714286,0.9831428571428571,493.0,2345.0,662.0,37.0,27.0,10.0,0.012711864406779627,-0.05399999999999999,-0.08060894934626792,-10.0,27.0,10.0,0.4166666666666667,0.05399999999999999,0.375
pairwise_50_medium_unseen100,neural_logreg,test,strict_two_threshold|profile=moderate|thr=0.95|tau_high=0.95,neuro_symbolic_strict_two_threshold,True,strict_valid_or_high_confidence,moderate,0.95,0.95,0.8877777777777778,0.52475,0.4603174603174603,0.058,0.10301953818827708,0.9915,0.0085,0.942,29,34,3966,471,4500,500,63,0.1111111111111111,0.014,0.8312185,0.3092723291520748,0.3092723291520748,0.1900855760210838,0.582832806566003,63,4437,0.014,0.986,566.0,3095.0,839.0,73.0,16.0,57.0,0.12943510737628383,-0.031999999999999994,-0.038489895773987065,-57.0,16.0,57.0,0.6263736263736264,0.031999999999999994,0.3555555555555555
pairwise_50_medium_unseen100,neural_logreg,valid,strict_two_threshold|profile=conservative|thr=0.95|tau_high=0.97,neuro_symbolic_strict_two_threshold,True,strict_valid_or_high_confidence,conservative,0.95,0.97,0.8694285714285714,0.5563333333333333,0.7866666666666666,0.118,0.20521739130434782,0.9946666666666667,0.005333333333333333,0.882,59,16,2984,441,3500,500,75,0.14285714285714285,0.02142857142857143,0.8873233333333334,0.5387649018266534,0.5387649018266534,0.14838372411221018,0.47012363905288773,75,3425,0.02142857142857143,0.9785714285714285,856.0,1418.0,1226.0,11.0,6.0,5.0,0.036666666666666625,-0.025999999999999995,-0.036393346950685745,-8.0,13.0,8.0,0.3333333333333333,0.025999999999999995,0.18055555555555552
pairwise_50_medium_unseen100,neural_logreg,test,strict_two_threshold|profile=conservative|thr=0.95|tau_high=0.97,neuro_symbolic_strict_two_threshold,True,strict_valid_or_high_confidence,conservative,0.95,0.97,0.8897777777777778,0.531125,0.5303030303030303,0.07,0.12367491166077739,0.99225,0.00775,0.93,35,31,3969,465,4500,500,66,0.1111111111111111,0.014666666666666666,0.8312185,0.3092723291520748,0.3092723291520748,0.1900855760210838,0.582832806566003,66,4434,0.014666666666666666,0.9853333333333333,973.0,1922.0,1605.0,52.0,5.0,47.0,0.19942067736185382,-0.01999999999999999,-0.017834522301486758,-60.0,10.0,60.0,0.6593406593406593,0.01999999999999999,0.22222222222222213
pairwise_50_medium_unseen100,neural_logreg,valid,strict_two_threshold|profile=moderate|thr=0.95|tau_high=0.97,neuro_symbolic_strict_two_threshold,True,strict_valid_or_high_confidence,moderate,0.95,0.97,0.8657142857142858,0.5391666666666667,0.7884615384615384,0.082,0.14855072463768115,0.9963333333333333,0.0036666666666666666,0.918,41,11,2989,459,3500,500,52,0.14285714285714285,0.014857142857142857,0.8873233333333334,0.5387649018266534,0.5387649018266534,0.14838372411221018,0.47012363905288773,52,3448,0.014857142857142857,0.9851428571428571,493.0,2345.0,662.0,37.0,27.0,10.0,0.038461538461538436,-0.061999999999999986,-0.09306001361735242,-13.0,31.0,13.0,0.5416666666666666,0.061999999999999986,0.43055555555555547
pairwise_50_medium_unseen100,neural_logreg,test,strict_two_threshold|profile=moderate|thr=0.95|tau_high=0.97,neuro_symbolic_strict_two_threshold,True,strict_valid_or_high_confidence,moderate,0.95,0.97,0.8891111111111111,0.522,0.5102040816326531,0.05,0.09107468123861566,0.994,0.006,0.95,25,24,3976,475,4500,500,49,0.1111111111111111,0.010888888888888889,0.8312185,0.3092723291520748,0.3092723291520748,0.1900855760210838,0.582832806566003,49,4451,0.010888888888888889,0.9891111111111112,566.0,3095.0,839.0,73.0,16.0,57.0,0.1793217286914766,-0.039999999999999994,-0.05043475272364849,-67.0,20.0,67.0,0.7362637362637363,0.039999999999999994,0.4444444444444444
pairwise_50_medium_unseen100,neural_logreg,valid,strict_two_threshold|profile=conservative|thr=0.97|tau_high=0.97,neuro_symbolic_strict_two_threshold,True,strict_valid_or_high_confidence,conservative,0.97,0.97,0.8645714285714285,0.5326666666666666,0.8095238095238095,0.068,0.12546125461254612,0.9973333333333333,0.0026666666666666666,0.932,34,8,2992,466,3500,500,42,0.14285714285714285,0.012,0.8873233333333334,0.5387649018266534,0.5387649018266534,0.14838372411221018,0.47012363905288773,42,3458,0.012,0.988,856.0,1418.0,1226.0,4.0,2.0,2.0,0.026915113871635588,-0.00399999999999999,-0.006406877255585752,-2.0,2.0,2.0,0.2,0.00399999999999999,0.055555555555555414
pairwise_50_medium_unseen100,neural_logreg,test,strict_two_threshold|profile=conservative|thr=0.97|tau_high=0.97,neuro_symbolic_strict_two_threshold,True,strict_valid_or_high_confidence,conservative,0.97,0.97,0.8897777777777778,0.5215,0.5454545454545454,0.048,0.08823529411764706,0.995,0.005,0.952,24,20,3980,476,4500,500,44,0.1111111111111111,0.009777777777777778,0.8312185,0.3092723291520748,0.3092723291520748,0.1900855760210838,0.582832806566003,44,4456,0.009777777777777778,0.9902222222222222,973.0,1922.0,1605.0,36.0,3.0,33.0,0.2079545454545454,-0.005999999999999998,-0.00486815415821501,-33.0,3.0,33.0,0.6226415094339622,0.005999999999999998,0.11111111111111108
pairwise_50_medium_unseen100,neural_logreg,valid,strict_two_threshold|profile=moderate|thr=0.97|tau_high=0.97,neuro_symbolic_strict_two_threshold,True,strict_valid_or_high_confidence,moderate,0.97,0.97,0.8628571428571429,0.5225,0.8846153846153846,0.046,0.08745247148288973,0.999,0.001,0.954,23,3,2997,477,3500,500,26,0.14285714285714285,0.0074285714285714285,0.8873233333333334,0.5387649018266534,0.5387649018266534,0.14838372411221018,0.47012363905288773,26,3474,0.0074285714285714285,0.9925714285714285,493.0,2345.0,662.0,20.0,13.0,7.0,0.10200668896321063,-0.025999999999999995,-0.04441566038524214,-7.0,13.0,7.0,0.7,0.025999999999999995,0.36111111111111105
pairwise_50_medium_unseen100,neural_logreg,test,strict_two_threshold|profile=moderate|thr=0.97|tau_high=0.97,neuro_symbolic_strict_two_threshold,True,strict_valid_or_high_confidence,moderate,0.97,0.97,0.8893333333333333,0.5151249999999999,0.53125,0.034,0.06390977443609022,0.99625,0.00375,0.966,17,15,3985,483,4500,500,32,0.1111111111111111,0.0071111111111111115,0.8312185,0.3092723291520748,0.3092723291520748,0.1900855760210838,0.582832806566003,32,4468,0.0071111111111111115,0.9928888888888889,566.0,3095.0,839.0,48.0,10.0,38.0,0.19374999999999998,-0.019999999999999997,-0.029193673839771853,-38.0,10.0,38.0,0.7169811320754716,0.019999999999999997,0.3703703703703703
